;ABW;AFG;AGO;AIA;ALB;AND;ANT;ARB;ARE;ARG;ARM;ASM;ATG;AUS;AUT;AZE;BDI;BEL;BEN;BFA;BGD;BGR;BHR;BHS;BIH;BLR;BLZ;BMU;BOL;BRA;BRB;BRN;BTN;BWA;CAF;CAN;CHE;CHI;CHL;CHN;CIV;CMR;COG;COK;COL;COM;CPV;CRI;CSS;CUB;CUW;CYM;CYP;CZE;DEU;DFA;DJI;DMA;DNK;DOM;DZA;EAP;EAS;ECA;ECS;ECU;EGY;EMU;ERI;ESP;EST;ETH;EUU;FIN;FJI;FRA;FRO;FSM;GAB;GBR;GEO;GHA;GIB;GIN;GMB;GNB;GNQ;GRC;GRD;GRL;GTM;GUM;GUY;HIC;HKG;HND;HPC;HRV;HTI;HUN;IBD;IBT;IDA;IDB;IDN;IDX;IMY;IND;IRL;IRN;IRQ;ISL;ISR;ITA;JAM;JOR;JPN;KAZ;KEN;KGZ;KHM;KIR;KNA;KOR;KSV;KWT;LAC;LAO;LBN;LBR;LBY;LCA;LCN;LDC;LIC;LIE;LKA;LMC;LMY;LSO;LTU;LUX;LVA;MAC;MAF;MAR;MCO;MDA;MDG;MDV;MEA;MEX;MHL;MIC;MKD;MLI;MLT;MMR;MNA;MNE;MNG;MNP;MOZ;MRT;MUS;MWI;MYS;MYT;NAC;NAM;NCL;NER;NGA;NIC;NLD;NOC;NOR;NPL;NZL;OEC;OED;OMN;OSS;PAK;PAN;PER;PHL;PLW;PNG;POL;PRI;PRK;PRT;PRY;PSE;PSS;PYF;QAT;ROM;RUS;RWA;SAS;SAU;SDN;SEN;SGP;SLB;SLE;SLV;SMR;SOM;SRB;SSA;SSD;SSF;SST;STP;SUR;SVK;SVN;SWE;SWZ;SXM;SYC;SYR;TCA;TCD;TGO;THA;TJK;TKM;TMP;TON;TTO;TUN;TUR;TUV;TWN;TZA;UGA;UKR;UMC;URY;USA;UZB;VCT;VEN;VIR;VNM;VUT;WBG;WLD;WSM;YEM;ZAF;ZAR;ZMB;ZWE
ABW;;;;;;;;;;1;;;;;1;;;1;;;;1;;;;;;;;1;1;;;;;;1;;1;1;;;;;1;;;1;;;;;;;1;;;;1;1;;;;;;1;;;;1;;;;1;;1;;;;1;;;;;;;;1;;;1;;1;;1;1;;;;;;;;;1;;;1;1;;;;;1;1;;;;;;;;;1;;;;;;;;;;;;;;;;;;1;;;;;;;;;;1;;;;;;;;;;;;;;;;;;;;;;1;;;1;;;;;;;1;1;1;1;;;;;;1;1;;;;;;;;;;;;;;;;;;;;;;;;1;1;;1;;;;;;;;1;;;;;1;;1;;;;;;;1;1;;;1;;;;;;;;1;;;
AFG;;;;;;;;;;;;;;1;;;;;;;;;;;;;;;;1;;;;;;;;;;1;;;;;;;;;;;;;;;1;;;;1;;;;;;;;1;;;1;;;;;;1;;;;1;;;;;;;;;;;;;;;;;;;;;;;;;;;;1;;;;;;1;;;1;1;;;;;;;;;;;;;;;;;;;;;;;;;1;;;;;;;;;;;;;;;;;;;;;;;;;;;;;;;;;;;;;;;;;1;;;;;;1;;;;;;;;;;1;;;;;;;;;;;;;;;;;;;1;;;;;;;;;;;1;;;;;;1;;;;;1;;;1;;;;;;;;;;;;;;
AGO;;;;;;;;;;1;;;;1;1;1;;1;1;;;1;;;;1;;;1;1;;;;1;;;1;;1;1;1;1;;;1;;1;1;;;;;;1;1;;;;1;1;1;;;;;1;1;;;1;;1;;1;;1;;;1;1;;1;;;1;;;1;;;1;;;;1;1;;1;;;;;;;1;;;1;1;;;;1;1;;;1;1;1;;;;;1;;;;;1;;;;;;;;;;;;;1;;;;1;;;1;;;1;;;;1;1;;;;;;1;;1;1;1;;;1;;1;1;;;;1;;1;;;;;1;;1;1;;;1;;;1;;;;;;1;1;1;;;;1;1;;;1;;;;;;;;;;1;;1;;;;;;;1;1;;;;;1;1;1;;;1;1;1;;1;1;;;1;;1;;;;;;1;;1;1
AIA;;;;;;;;;;;;;;;;;;;;;;;;;;;;;;;;;;;;;;;;;;;;;;;;;;;;;;;;;;;;;;;;;;;;;;;;;;;;;;;;;;;;;;;;;;;;;;;;;;;;;;;;;;;;;;;;;;;;;;;;;;;;;;;;;;;;;;;;;;;;;;;;;;;;;;;;;;;;;;;;;;;;;;;;;;;;;;;;;;;;;;;;;;;;;;;;;;;;;;;;;;;;;;;;;;;;;;;;;;;;;;;;;;;;;;;;;;;;;;;;;;;;;;;;;;;;;;;;;;
ALB;;;;;;;;;;1;;;;1;1;;;1;;;;1;;;1;1;;;1;1;;;;;;;1;;;1;;;;;1;;;;;;;;1;1;1;;;;1;;1;;;;;;1;;;1;;;;1;;1;;;1;1;1;;;;;;;1;;;;;;;1;;;1;;1;;;;;1;;;1;1;1;1;;1;1;;1;1;1;;;;;;1;;1;;;1;;;;;;;;;;;;1;1;1;;;1;;1;;;;1;;;1;;1;;;1;;;;;;;1;;;;;;1;;;;1;;;;;;;;1;;;;;1;;;1;;;;;;1;1;;;;;1;1;;;;;;;;;;;;;1;1;1;;;;1;;;;1;1;;;;;1;1;;;1;;1;;1;1;;;;;;;;;;;1;;;
AND;;;;;;;;;;;;;;;;;;;;;;;;;;;;;;;;;;;;;;;;;;;;;;;;;;;;;;;;;;;;;;;;;;;;;;;;;;;;;;;;;;;;;;;;;;;;;;;;;;;;;;;;;;;;;;;;;;;;;;;;;;;;;;;;;;;;;;;;;;;;;;;;;;;;;;;;;;;;;;;;;;;;;;;;;;;;;;;;;;;;;;;;;;;;;;;;;;;;;;;;;;;;;;;;;;;;;;;;;;;;;;;;;;;;;;;;;;;;;;;;;;;;;;;;;;;;;;;;;;
ANT;;;;;;;;;;;;;;;;;;;;;;;;;;;;;;;;;;;;;;;;;;;;;;;;;;;;;;;;;;;;;;;;;;;;;;;;;;;;;;;;;;;;;;;;;;;;;;;;;;;;;;;;;;;;;;;;;;;;;;;;;;;;;;;;;;;;;;;;;;;;;;;;;;;;;;;;;;;;;;;;;;;;;;;;;;;;;;;;;;;;;;;;;;;;;;;;;;;;;;;;;;;;;;;;;;;;;;;;;;;;;;;;;;;;;;;;;;;;;;;;;;;;;;;;;;;;;;;;;;
ARB;;;;;;;;;;;;;;;;;;;;;;;;;;;;;;;;;;;;;;;;;;;;;;;;;;;;;;;;;;;;;;;;;;;;;;;;;;;;;;;;;;;;;;;;;;;;;;;;;;;;;;;;;;;;;;;;;;;;;;;;;;;;;;;;;;;;;;;;;;;;;;;;;;;;;;;;;;;;;;;;;;;;;;;;;;;;;;;;;;;;;;;;;;;;;;;;;;;;;;;;;;;;;;;;;;;;;;;;;;;;;;;;;;;;;;;;;;;;;;;;;;;;;;;;;;;;;;;;;;
ARE;;;;;;;;;;;;;;;;;;;;;;;;;;;;;;;;;;;;;;;;;;;;;;;;;;;;;;;;;;;;;;;;;;;;;;;;;;;;;;;;;;;;;;;;;;;;;;;;;;;;;;;;;;;;;;;;;;;;;;;;;;;;;;;;;;;;;;;;;;;;;;;;;;;;;;;;;;;;;;;;;;;;;;;;;;;;;;;;;;;;;;;;;;;;;;;;;;;;;;;;;;;;;;;;;;;;;;;;;;;;;;;;;;;;;;;;;;;;;;;;;;;;;;;;;;;;;;;;;;
ARG;1;;1;;1;;;;;;1;;;1;1;1;;1;1;;;1;1;1;1;1;;;1;1;1;;;1;;;1;;1;1;1;1;;;1;;;1;;;;;1;1;1;;;;1;1;1;;;;;1;1;;;1;;1;;1;1;1;;;1;1;1;1;;;;;;1;;;1;;;;1;1;;1;;1;;;;;1;;;1;1;1;1;1;1;1;1;1;1;1;1;1;1;;;1;;1;;1;1;1;;;;;;;1;;;;1;1;1;1;;1;;1;1;;;1;;;1;;1;;;;;;1;;1;1;1;;;1;;1;1;1;;;1;1;1;;;1;;1;1;1;1;;;1;;;1;1;;;;1;1;1;;;;1;1;1;;;1;;;;;;;;;1;1;1;1;;;;1;;1;;1;1;;;;1;1;1;;;1;1;1;;1;1;1;;1;;1;;;;;;1;1;;1
ARM;;;;;;;;;;1;;;;1;1;;;1;;;;1;;;;1;;;;1;;;;;;;1;;;1;;;;;1;;;;;;;;1;1;1;;;;1;;;;;;;;1;;;1;;;;1;;1;;;;1;1;;;;;;;1;;;;;;;1;;;1;;1;;;;;;;;1;1;1;1;;1;1;;1;1;1;;1;;;;1;;;;;1;1;;;;;;;1;;;;1;1;1;;;;;1;;;;1;;;1;;1;;;;;;;;;;1;;;;;;;;;;1;;;;;;;1;;;1;;;1;;;1;;;;;;1;1;;;;;;1;;;;;;;;;;;;;1;1;1;;;;1;;;;1;1;;;;;;1;;;1;;1;;1;1;1;;1;;1;;;;;;1;1;;
ASM;;;;;;;;;;;;;;;;;;;;;;;;;;;;;;;;;;;;;;;;;;;;;;;;;;;;;;;;;;;;;;;;;;;;;;;;;;;;;;;;;;;;;;;;;;;;;;;;;;;;;;;;;;;;;;;;;;;;;;;;;;;;;;;;;;;;;;;;;;;;;;;;;;;;;;;;;;;;;;;;;;;;;;;;;;;;;;;;;;;;;;;;;;;;;;;;;;;;;;;;;;;;;;;;;;;;;;;;;;;;;;;;;;;;;;;;;;;;;;;;;;;;;;;;;;;;;;;;;;
ATG;;;;;;;;;;;;;;;;;;;;;;;;;;;;;;;1;;;;;;;;;;;;;;;;;;;;;;;;1;;;1;1;;;;;;;;;;;;;;;;;1;;;;1;;;;;;;;;;;;;1;;;;;;;;;;;;;;;;1;;;;;;1;;1;;;;;;1;;;;;;;;;;;;;;;;;;;;;;;;;;;;;;;;;;;;;;;;;;;;;;;;;;;;;;;;;;;;;;;;;;;;;;;;;;;;;;;;;;;;;;;;;;;;;;;;;;;;;;;;;;;;;;;1;;;;;;;;;;1;;1;;;;;;;;;;;;
AUS;;1;1;;1;;;;;1;1;;;;1;1;1;1;;1;;1;1;1;1;1;1;;1;1;1;;1;1;;;1;;1;1;1;1;;;1;;;1;;;;;1;1;1;;;;1;1;1;;;;;1;1;;;1;;1;;1;1;1;;1;1;1;1;1;;;;;1;1;;;1;;1;;1;1;;1;;1;;;;;1;;;1;1;1;1;1;1;1;1;1;1;1;1;1;1;1;;1;;1;;1;1;1;;;;;;;1;;;1;1;1;1;1;;1;;1;1;1;;1;;;1;1;1;;;1;;;1;1;1;1;1;;;1;;1;1;1;;;1;1;1;;;1;;1;1;1;1;1;1;1;;;1;1;;;;1;1;1;1;;;1;1;1;;;1;;;;;;;;;1;1;1;1;;;;1;;1;1;1;1;;;1;1;1;1;;;1;1;1;;1;1;1;;1;;1;1;;;1;1;1;1;1;1
AUT;1;;1;;1;;;;;1;1;;;1;;1;;1;;1;;1;1;;1;1;;;1;1;1;;1;1;;;1;;1;1;1;1;;;1;;1;1;;;;;1;1;1;;;;1;1;1;;;;;1;1;;;1;;1;;1;1;1;1;1;1;1;1;1;;;;;1;1;;;1;;1;;1;1;;1;;1;;;;;1;;;1;1;1;1;1;1;1;1;1;1;1;1;1;1;;;1;;1;;1;1;1;;;;;;;1;;;;1;1;1;1;;1;;1;1;1;;1;;;1;1;1;;;1;;;1;;1;1;1;;;1;;1;1;1;;;1;1;1;;;1;;1;;1;1;1;1;1;;;1;1;;;;1;1;1;1;;;1;1;1;;;1;;;;;;;;;1;1;1;1;;;;1;;1;;1;1;;;;1;1;1;;;1;1;1;;1;1;1;;1;;1;;;;;1;1;1;1;1
AZE;;;1;;;;;;;1;;;;1;1;;;1;;;;1;;;;1;;;;1;;;;;;;1;;;1;;1;;;1;;;;;;;;1;1;1;;;;1;;;;;;;1;1;;;1;;;;1;;1;;;;1;1;1;;;;;1;1;;;;;;;1;;;1;;1;;;;;1;;;1;1;1;1;1;1;1;;1;1;1;;1;;;;1;;;;;1;;;;;;;;;;;;1;1;1;;;1;;1;;;;1;;;;;1;;;;;;;;;;1;;;;;;;;;;1;;1;;;1;;1;;1;1;;;1;;;1;;;;;1;1;1;;;;;;1;;;;;;;;;;;;;1;1;1;;;;1;;;;1;1;;;;;1;1;;;;;1;;;1;1;;;;1;;;;;1;1;;;
BDI;;;;;;;;;;;;;;1;;;;1;;;;;;;;;;;;1;;;;;;;1;;;1;1;1;;;;;;;;;;;;;1;;;;1;;;;;;;;1;;;;;1;;;;1;;;;1;;;;;;;;;;;;;;;1;;;;;;;;;;1;;;1;1;;;;1;1;;;1;;1;;;;;;;;;;;;;;;;;;;;;;;;;;;;;;1;;;;;;;;;;;;;;;;;1;;;;;;;;;;;1;;;;;1;;;;;;;;;;;;;;;;;1;1;1;;;;1;;;;;;;;;;;;;;;;1;;;;;;1;;;;;;;;1;1;;;1;1;1;;;1;;;;;;;;;;;1;1;1;1
BEL;1;;1;;1;;;;;1;1;;;1;1;1;1;;1;1;;1;1;;1;1;1;;1;1;1;;1;1;1;;1;;1;1;1;1;;;1;1;;1;;;;;1;1;1;;;1;1;1;1;;;;;1;1;;;1;;1;;1;1;1;1;1;1;1;1;1;;;1;;1;1;;;1;;1;;1;1;;1;;1;;;;;1;;;1;1;1;1;1;1;1;1;1;1;1;1;1;1;;;1;;1;;1;1;1;;;;;;;1;;;;1;1;1;1;;1;;1;1;1;;1;;;1;1;1;;;1;;;1;;1;1;1;;;1;;1;1;1;;;1;1;1;;;1;;1;1;1;1;1;;1;;;1;1;;;;1;1;1;1;;;1;1;1;;;1;;;;;;;;;1;1;1;1;;;;1;;1;1;1;1;;;;1;1;1;;;1;1;1;;1;1;1;;1;;1;1;;;1;1;1;1;1;1
BEN;;;1;;;;;;;1;;;;;;;;1;;1;;1;;;;;;;;;;;;;;;1;;;1;1;1;;;1;;;1;;;;;;;1;;;;1;;1;;;;;1;;;;1;;;;1;;1;;;1;1;;1;;;1;;1;1;;;;;;;1;;;;;;;;;;1;;;1;;;;;1;1;;;1;;1;;;;;1;;;;;1;1;;;;;;;;;;;;1;;;;1;;;1;;;;;;;1;;;;;;;1;1;1;;1;;;;;1;;;;;;;;;;;;1;;1;;;;;;;1;;;;;;;;;;;;1;1;;;;;;;;;;;;;;;;;;;;;1;1;1;;;;;;1;1;;;1;;;;;1;;;1;;1;;;;;;1;1;;
BFA;;;;;;;;;;;;;;1;1;;;1;1;;;;;;;;;;;1;;;;;;;1;;;1;1;1;;;;;;;;;;;;;1;;;;1;;1;;;;;;1;;;1;;;;1;;1;;;1;1;1;1;;;;;1;1;;;;;;;1;;;;;;;;;;1;;;1;1;;;;1;1;;1;1;;1;;1;;;1;;;;;1;1;;;;;;;;;;;;1;;;;1;;;1;;;1;;;;1;;;;;;;;;1;;1;;;;;1;1;;;;;;;;;;;1;;;;;;1;;;;;;;;;1;;1;;;;1;;;;;;;;;;;;;;;;1;;;;1;;1;1;;;;;;;1;1;;;1;1;1;;;1;;;;;1;;;;;;1;1;;
BGD;;;;;;;;;;;;;;;;;;;;;;;;;;;;;;;;;;;;;;;;;;;;;;;;;;;;;;;;;;;;;;;;;;;;;;;;;;;;;;;;;;;;;;;;;;;;;;;;;;;;;;;;;;;;;;;;;;;;;;;;;;;;;;;;;;;;;;;;;;;;;;;;;;;;;;;;;;;;;;;;;;;;;;;;;;;;;;;;;;;;;;;;;;;;;;;;;;;;;;;;;;;;;;;;;;;;;;;;;;;;;;;;;;;;;;;;;;;;;;;;;;;;;;;;;;;;;;;;;;
BGR;1;;1;;1;;;;;1;1;;;1;1;1;;1;1;;;;1;;1;1;;;1;1;1;;;1;1;;1;;1;1;1;1;;;1;;;1;;;;;1;1;1;;;;1;1;1;;;;;1;1;;;1;;1;;1;1;1;;;;1;1;1;;;1;;1;1;;;1;;1;;1;1;;1;;1;;;;;1;;;1;1;1;1;1;1;1;;1;1;1;1;1;1;;;1;;1;;1;1;1;;;;;;;1;;;;1;1;1;;;1;;1;1;;;1;;;1;1;1;;;1;;;1;;1;1;1;;;1;;1;1;1;;;1;1;1;;;1;;1;;1;1;;;1;;;1;1;;;;;1;1;;;;1;1;1;;;1;;;;;;;;;1;1;1;1;;;;1;;;;1;1;;;;;1;1;;;1;1;1;;1;1;1;1;1;;1;1;;;;1;1;1;1;1
BHR;;;;;;;;;;1;;;;1;1;;;1;;;;1;;;1;;;;;1;;;;;;;1;;1;1;1;1;;;1;;;;;;;;1;1;1;;;;1;;1;;;;;1;1;;;1;;1;;1;;1;;;;1;;1;;;;;;1;;;1;;1;;1;;;1;;1;;;;;1;;;1;1;1;1;1;;1;;1;1;;1;;1;;;1;;1;;;1;;;;;;;;1;;;;;1;;;;1;;;;;;1;;;;;1;;;;;;1;;1;;1;;;;;;1;;;;1;1;1;;;1;;1;;1;1;;;1;;;1;;;;;1;1;1;;;;1;;1;;;;;;;;;;;;;1;1;1;;;;1;;;;1;;;;;;1;1;;;1;1;1;;1;1;;;;;1;;;;;1;1;;;
BHS;;;;;;;;;;1;;;;1;;;;;;;;;;;;;;;;1;;;;;;;;;;1;;;;;;;;;;;;;;;1;;;;;;;;;;;;;;;1;;;;1;;1;;;;1;;1;;;;;;1;;;1;;1;;1;1;;;;;;;;;;;;1;1;;;;;1;;;1;;;;;;;1;;;;;;;;;;;;;1;;;;;;;;;;;;;;;;;;;;;;;;;;;;;;;;;;;;1;;;;;;;;;;;;1;;;;;;;;;;;;;;;;;;;;;1;;;;;;;;;;;;;;;;;;;;;;;1;;;;;;;;;;;;;;;1;;;;;;;;;;;1;;;
BIH;;;;;1;;;;;1;;;;1;1;;;1;;;;1;1;;;1;;;;1;;;;;;;1;;1;1;;;;;;;;;;;;;1;1;1;;;;1;;1;;;;;;1;;;1;;1;;1;;1;;;;1;1;;;;;;;1;;;;;;;1;;;1;;1;;;;;1;;;1;1;1;1;1;1;1;;1;1;1;1;1;;;;1;;1;;;1;1;;;;;;;1;;;;1;1;1;;;1;;1;;;;1;;;1;;1;;;1;;;;;;;1;;;;;;;;;;1;;1;;;;;1;;;1;;;1;;;1;;;;;;1;1;;;;;;;;;;;;;;;;;;;1;1;1;;;;1;;;;1;1;;;;;1;1;;;;;1;;1;1;1;;;;;;;;;;1;;;
BLR;;;1;;1;;;;;1;1;;;1;1;1;;1;;;;1;;;1;;;;;1;;;;;;;1;;1;1;1;;;;1;;;1;;;;;1;1;1;;;;1;1;;;;;;1;1;;;1;;1;;1;;1;;;;1;1;1;;;;;1;1;;;;;;;1;;;1;;1;;;;;1;;;1;1;1;;1;1;1;;1;1;1;1;1;;;;1;;;;1;1;;;;;;;;1;;;;1;1;1;;;1;;1;;;;1;;;1;;;;;;;;1;;1;;1;;;;;;;;;;1;;1;;;1;;1;;1;1;;;1;;;1;;;;;;1;;;;;;;1;;;;;;;;;;;;;1;1;1;;;;1;;;;1;1;;;;;1;1;;;;;1;;1;1;1;;1;;1;;;;;;1;1;;
BLZ;;;;;;;;;;;;;;1;;;;1;;;;;;;;;;;;1;1;;;;;;1;;;1;;;;;;;;1;;;;;;;1;;;;1;1;;;;;;;;;;1;;;;;;1;;;;1;;;;;;;;1;;;1;;1;;1;1;;;;;;;;;;;;1;1;;;;1;1;1;;1;;;;;;;1;;;;;;;;;;;;;;;;;;;;;;;;;;;;1;;;;;;;;;;;;;;;;;;;;;;;;;;;;;;;;;1;;;;;;;;1;;;;;;;;;;;;;1;;;1;;;;;;;;;;;;1;;;;;;;;;;;;;1;;1;;;;;;;;1;;;;;;;;;;;;;;
BMU;;;;;;;;;;;;;;;;;;;;;;;;;;;;;;;;;;;;;;;;;;;;;;;;;;;;;;;;;;;;;;;;;;;;;;;;;;;;;;;;;;;;;;;;;;;;;;;;;;;;;;;;;;;;;;;;;;;;;;;;;;;;;;;;;;;;;;;;;;;;;;;;;;;;;;;;;;;;;;;;;;;;;;;;;;;;;;;;;;;;;;;;;;;;;;;;;;;;;;;;;;;;;;;;;;;;;;;;;;;;;;;;;;;;;;;;;;;;;;;;;;;;;;;;;;;;;;;;;;
BOL;;;1;;1;;;;;1;;;;1;1;;;1;;;;1;;;;;;;;1;1;;;;;;1;;1;1;;;;;1;;;1;;;;;1;1;1;;;;1;1;;;;;;1;1;;;1;;1;;1;;1;;;;1;;;;;;;;1;;;1;;;;1;1;;1;;;;;;;1;;;1;1;;;;1;1;;1;1;1;;;;;;1;;;;;1;;;;;;;;1;;;;1;1;1;;;1;;;;;;1;;;;;;;;;;;1;;;;1;;;;;;1;1;;;1;;1;;;;;;1;1;1;;;1;;;1;1;;;;;1;1;;;;;;1;;;1;;;;;;;;;;;1;1;;;;1;;;;1;;;;;1;;1;;;;;1;;1;1;;;1;;1;;;;;;1;;;
BRA;1;1;1;;1;;;;;1;1;;;1;1;1;1;1;;1;;1;1;1;1;1;1;;1;;1;;;1;;;1;;1;1;1;1;;;1;;1;1;;;;;1;1;1;;;;1;1;1;;;;;1;1;;;1;;1;;1;1;1;;1;1;1;1;1;;;1;;1;1;;;1;;1;;1;1;;1;;1;;;;;1;;;1;1;1;1;1;1;1;1;1;1;1;1;;1;;;1;;1;;1;1;1;;;;;;;1;;;;1;1;1;1;;1;;1;1;;;1;;;1;1;1;;;1;;;1;;1;1;1;;;1;;1;1;1;;;1;1;1;;;1;;1;1;1;1;1;1;1;;;1;1;;;;1;1;1;1;;;1;1;1;;;1;;;;;;;;;1;1;1;1;;;;1;;1;1;1;1;;;;1;1;1;;;1;1;1;;1;1;1;;1;;1;;;;;;1;1;1;1
BRB;1;;;;;;;;;1;;;1;1;1;;;1;;;;1;;;;;1;;1;1;;;;;;;1;;1;1;1;;;;1;;;1;;;;;1;1;1;;;1;1;1;;;;;;1;1;;;1;;;;1;1;1;;;;1;;1;;;;;;1;;;1;;1;;1;1;;;;1;;;;;1;;;1;1;;;;1;1;1;;1;;;;;;1;1;;;;;;;;;;;;;1;;;;1;1;;;;;;;;;;1;;;;;;;;;;;;;1;;1;;;1;;;1;1;;;1;;1;;;;;1;1;1;1;;;1;;;1;;;;;;1;1;;;;;;1;;;1;;;;;;;;;1;1;1;1;;;;1;;;;1;;;;;1;1;1;;;1;;1;;1;1;;1;1;;;;;;;;1;;;
BRN;;;;;;;;;;;;;;;;;;;;;;;;;;;;;;;;;;;;;;;;;;;;;;;;;;;;;;;;;;;;;;;;;;;;;;;;;;;;;;;;;;;;;;;;;;;;;;;;;;;;;;;;;;;;;;;;;;;;;;;;;;;;;;;;;;;;;;;;;;;;;;;;;;;;;;;;;;;;;;;;;;;;;;;;;;;;;;;;;;;;;;;;;;;;;;;;;;;;;;;;;;;;;;;;;;;;;;;;;;;;;;;;;;;;;;;;;;;;;;;;;;;;;;;;;;;;;;;;;;
BTN;;;;;;;;;;;;;;1;1;;;1;;;;;;;;;;;;;;;;;;;1;;;1;;;;;;;;;;;;;;;1;;;;1;;;;;;;;;;;1;;;;;;1;;;;1;;;;;;;;;;;;;;;1;;;;;;;;;;1;;;1;;;;;;1;;;1;;;;;;;1;;;;;;;;;;;;;;;;;;;;;;;;;;;;;;;;;;;;;;;;;;;1;;;;;;;;;;1;1;1;;;;;;;;;;;;;;;;;;;;;;;;;;;1;;;;;;;;;;;;;;;;;;;;;;;1;;;;;;;;;;;;;;;1;;;;;;;;;;;;;;
BWA;;;1;;;;;;;1;;;;1;1;;;1;;;;1;;;;;;;;1;;;;;;;1;;;1;;;;;;;;;;;;;;1;1;;;;1;;;;;;;;1;;;1;;1;;1;;1;;;;1;;1;;;;;;1;;;;;;;1;;;;;1;;;;;1;;;1;1;;;;1;1;;;1;;1;;;;;1;;;;;1;;;;;;;;1;;;;;;1;;;1;;1;;;;1;;;;;1;;;;;;1;;1;1;1;;;1;;;1;;;;1;;1;;;;;1;;;1;;;1;;;1;;;;;;1;1;;;;;1;1;;;;;;;;;;;;;1;;1;;;;;;;;1;;;;;1;;1;;;1;1;1;;;1;;;;;;;;;;;;1;1;1
CAF;;;;;;;;;;;;;;;;;;1;;;;1;;;;;;;;;;;;;;;1;;;1;1;1;;;;;;;;;;;;;1;;;;1;;1;;;;;;;;;1;;;;;;1;;;;1;;1;;;;;;;;;;;;;1;;;;;;;;;;1;;;1;1;;;;1;1;;;1;;;;;;;1;;;;;1;;;;;;;;;;;;;;;;;1;;;;;;;;;;;;;;;;;;;;;1;;;;;;1;;;;;;;;;;;1;;;;;;1;;;1;;;;;;;;;;;1;1;;;;;;;;;;;;;;;;1;;;;;;1;1;1;;;;;;1;1;;;;;;;;1;;;;;;;;;;;1;1;;
CAN;;;;;;;;;;;;;;;;;;;;;;;;;;;;;;;;;;;;;;;;;;;;;;;;;;;;;;;;;;;;;;;;;;;;;;;;;;;;;;;;;;;;;;;;;;;;;;;;;;;;;;;;;;;;;;;;;;;;;;;;;;;;;;;;;;;;;;;;;;;;;;;;;;;;;;;;;;;;;;;;;;;;;;;;;;;;;;;;;;;;;;;;;;;;;;;;;;;;;;;;;;;;;;;;;;;;;;;;;;;;;;;;;;;;;;;;;;;;;;;;;;;;;;;;;;;;;;;;;;
CHE;1;;1;;1;;;;;1;1;;;1;1;1;1;1;1;1;;1;1;;1;1;1;;1;1;1;;1;1;1;;;;1;1;1;1;;;1;;;1;;;;;1;1;1;;;;1;1;1;;;;;1;1;;;1;;1;;1;1;1;;1;1;1;1;1;;;1;;1;1;;;1;;1;;1;1;;1;;1;;;;;1;;;1;1;1;1;1;1;1;1;1;1;1;1;1;1;;;1;;1;;1;1;1;;;;;;;1;;;1;1;1;1;1;;1;;1;1;1;;1;;;1;1;1;;;1;;;1;1;1;1;1;;;1;;1;1;1;;;1;1;1;;;1;;1;1;1;1;;1;1;;;1;1;;;;1;1;1;1;;;1;1;1;;;1;;;;;;;;;1;1;1;1;;;;1;;1;1;1;1;;;1;1;1;1;;;1;1;1;;1;1;1;;1;;1;;;;1;1;1;1;1;1
CHI;;;;;;;;;;;;;;;;;;;;;;;;;;;;;;;;;;;;;;;;;;;;;;;;;;;;;;;;;;;;;;;;;;;;;;;;;;;;;;;;;;;;;;;;;;;;;;;;;;;;;;;;;;;;;;;;;;;;;;;;;;;;;;;;;;;;;;;;;;;;;;;;;;;;;;;;;;;;;;;;;;;;;;;;;;;;;;;;;;;;;;;;;;;;;;;;;;;;;;;;;;;;;;;;;;;;;;;;;;;;;;;;;;;;;;;;;;;;;;;;;;;;;;;;;;;;;;;;;;
CHL;1;;1;;;;;;;1;;;;1;1;;;1;;;;1;1;;1;1;;;1;1;1;;;;;;1;;;1;;1;;;1;;;1;;;;;1;1;1;;;;1;1;1;;;;;1;1;;;1;;1;;1;;1;;1;;1;1;1;;;;;1;1;;;1;;1;;1;1;;1;;1;;;;;1;;;1;1;1;1;1;1;1;1;1;1;;1;1;1;;;1;;;;1;1;1;;;;;;;1;;;;1;1;1;1;;1;;;1;;;1;;;1;;1;;;;;;;1;1;;1;;;1;;;1;1;;;1;1;1;;;1;;1;1;1;1;;;1;;;1;1;;;;1;1;1;;;;;1;1;;;1;;;;;;;;;;1;1;1;;;;1;;;;1;1;;;;1;1;1;;;1;1;1;;1;1;1;;1;;1;;;;;;1;;1;
CHN;1;1;1;;1;;;;;1;1;;;1;1;1;1;1;1;1;;1;1;1;1;1;1;;1;1;1;;1;1;1;;1;;1;;1;1;;;1;1;;1;;;;;1;1;1;;;;1;1;1;;;;;1;1;;;1;;1;;1;1;1;1;1;1;1;1;1;;;1;;1;1;;;1;;1;;1;1;;1;;1;;;;;1;;;1;1;1;1;1;1;1;1;1;1;1;1;1;1;1;;1;;1;;1;1;1;;;;;;;1;;;1;1;1;1;1;;1;;1;1;1;;1;;;1;1;1;;;1;;;1;1;1;1;1;;;1;;1;1;1;;;1;1;1;;;1;;1;1;1;1;1;;1;;;1;1;;;;1;1;1;1;;;1;1;1;;;1;;;;;;;;;1;1;1;1;;;;1;;1;1;1;1;;;1;1;1;1;;;1;1;1;;1;1;1;1;1;;1;1;;;1;1;1;1;1;1
CIV;;;1;;;;;;;1;;;;1;1;;1;1;1;1;;1;1;;;1;;;;1;1;;;;1;;1;;;1;;1;;;1;;;1;;;;;1;1;1;;;;1;1;1;;;;;1;1;;;1;;1;;1;;1;;;1;1;;1;;;1;;1;1;;;1;;;;1;;;1;;1;;;;;1;;;1;1;1;;;1;1;;1;1;;1;;;;;1;;1;;;1;1;;;;;;;1;;;;1;;1;;;1;;;1;;;1;;;;1;1;;;;;;1;1;1;1;1;;;;;1;1;;;;1;;1;;;1;;1;1;1;1;;;1;;;1;;;;;1;1;1;1;;;1;1;1;;;;;;;;;;;;;1;1;1;;;;1;;1;1;1;;;;;;1;1;;;1;1;1;;1;1;;;;;1;;;;;1;1;1;;1
CMR;;;1;;;;;;;1;;;;1;1;1;1;1;1;1;;1;1;;;;;;;1;;;;;1;;1;;1;1;1;;;;1;;;1;;;;;1;1;1;;;;1;1;1;;;;;;1;;;1;;1;;1;;1;;;1;1;1;1;;;1;;1;1;;;;;;;1;;;1;;;;;;;1;;;1;1;1;;;1;1;;1;1;;1;;;;;1;;1;;;1;1;;;;;;;1;;;;1;1;1;;;1;;;1;;;1;;;;1;1;;;;;;;;1;;1;;;1;;1;1;;;;1;;1;;;1;;1;;;1;;;1;;;1;;;;;1;1;1;1;;;1;1;1;;;;;;;;;;;;;;1;1;;;;1;;1;1;1;;;;;;1;1;;;1;1;;;;1;;;1;;1;;;;;;1;1;;1
COG;;;;;;;;;;;;;;;;;;;;;;;;;;;;;;;;;;;;;;;;;;;;;;;;;;;;;;;;;;;;;;;;;;;;;;;;;;;;;;;;;;;;;;;;;;;;;;;;;;;;;;;;;;;;;;;;;;;;;;;;;;;;;;;;;;;;;;;;;;;;;;;;;;;;;;;;;;;;;;;;;;;;;;;;;;;;;;;;;;;;;;;;;;;;;;;;;;;;;;;;;;;;;;;;;;;;;;;;;;;;;;;;;;;;;;;;;;;;;;;;;;;;;;;;;;;;;;;;;;
COK;;;;;;;;;;;;;;;;;;;;;;;;;;;;;;;;;;;;;;;;;;;;;;;;;;;;;;;;;;;;;;;;;;;;;;;;;;;;;;;;;;;;;;;;;;;;;;;;;;;;;;;;;;;;;;;;;;;;;;;;;;;;;;;;;;;;;;;;;;;;;;;;;;;;;;;;;;;;;;;;;;;;;;;;;;;;;;;;;;;;;;;;;;;;;;;;;;;;;;;;;;;;;;;;;;;;;;;;;;;;;;;;;;;;;;;;;;;;;;;;;;;;;;;;;;;;;;;;;;
COL;1;;1;;1;;;;;1;1;;;1;1;1;;1;1;;;1;1;;;1;;;1;1;1;;;;;;1;;1;1;1;1;;;;;;1;;;;;1;1;1;;;;1;1;1;;;;;1;1;;;1;;1;;1;1;1;;;1;1;1;1;;;;;;1;;;1;;1;;1;1;;1;;1;;;;;1;;;1;1;1;1;1;1;1;1;1;1;1;1;1;1;;;1;;;;1;1;1;;;;;;;1;;;;1;1;1;;;1;;1;;;;1;;;1;;1;;;;;;1;;;1;1;;;1;;1;1;1;;;1;;1;;;1;;1;1;1;1;;1;1;;;1;1;;;;1;1;1;;;;;1;1;;;1;;;;;;;;;1;1;1;1;;;;1;;;1;1;1;;;;1;1;1;;;1;;1;;1;1;;;1;;1;;;;;1;1;1;1;1
COM;;;;;;;;;;;;;;;;;;1;;;;;;;;;;;;;;;;;;;;;;1;;;;;;;;;;;;;;;1;;;;;;;;;;;;1;;;;;;;;;1;;;;1;;;;;;;;1;;;;;;;;;;;;;;;;;;;;1;;;;;;1;;;1;;1;;;;;;;1;;;;;;;;;;;;;;;;;;;;;;;1;;;;;;;;;;;;;;;;1;;1;;;;;;;;;;;;;;;;;1;;;;;;;;;;;;;;;;;;;;;1;1;;;;;;;;;;;;;;;;;;;;;;;;;;;;;;;;;1;;;;;1;;;;;;;;;;1;1;;;
CPV;;;1;;;;;;;;;;;;1;;;;;;;;;;;;;;;1;;;;;;;;;;;;;;;;;;;;;;;;;1;;;;;;;;;;;;;;;1;;;;;;1;;;;;;;;;;;;;;;;;;;;;;;;;;;;;;;;1;;;;;;1;;;;;;;;;;1;;;;;;;;;;;;;;;;;;;;;;;;;;;;;;;;;;;;;;;1;;;;;;;;;;;;;;1;;;;;;;;;;;;;;;;1;;;;;;;;;;;;1;;;;;;;;;;;;;;;;;;;;;;;;;;;;;;;;;;;;;;;1;;;;;;;;;;;;;;
CRI;1;;1;;;;;;;1;;;;1;1;;;1;1;;;1;;;;1;1;;1;1;1;;;;;;1;;1;1;1;1;;;1;;;;;;;;;1;1;;;;1;1;;;;;;1;1;;;1;;1;;1;;1;;;;1;;;;;;;;1;;;1;;1;;1;1;;1;;1;;;;;1;;;1;1;1;1;1;1;1;1;1;1;;1;;1;;;1;;;;;1;;;;;;;;1;;;;;1;1;;;1;;;1;;;1;;;;;;;;;;;1;;;1;1;;;;;;1;1;;;1;;1;;;1;;1;1;1;1;;;1;;;1;1;;;;1;1;1;;;;;;1;;;1;;;;;;;;;1;;1;1;;;;1;;;;1;;;;;1;1;1;;;1;1;1;;1;1;;;1;;1;;;;;;1;;1;
CSS;;;;;;;;;;;;;;;;;;;;;;;;;;;;;;;;;;;;;;;;;;;;;;;;;;;;;;;;;;;;;;;;;;;;;;;;;;;;;;;;;;;;;;;;;;;;;;;;;;;;;;;;;;;;;;;;;;;;;;;;;;;;;;;;;;;;;;;;;;;;;;;;;;;;;;;;;;;;;;;;;;;;;;;;;;;;;;;;;;;;;;;;;;;;;;;;;;;;;;;;;;;;;;;;;;;;;;;;;;;;;;;;;;;;;;;;;;;;;;;;;;;;;;;;;;;;;;;;;;
CUB;;;;;;;;;;;;;;;;;;;;;;;;;;;;;;;;;;;;;;;;;;;;;;;;;;;;;;;;;;;;;;;;;;;;;;;;;;;;;;;;;;;;;;;;;;;;;;;;;;;;;;;;;;;;;;;;;;;;;;;;;;;;;;;;;;;;;;;;;;;;;;;;;;;;;;;;;;;;;;;;;;;;;;;;;;;;;;;;;;;;;;;;;;;;;;;;;;;;;;;;;;;;;;;;;;;;;;;;;;;;;;;;;;;;;;;;;;;;;;;;;;;;;;;;;;;;;;;;;;
CUW;;;;;;;;;;;;;;;;;;;;;;;;;;;;;;;;;;;;;;;;;;;;;;;;;;;;;;;;;;;;;;;;;;;;;;;;;;;;;;;;;;;;;;;;;;;;;;;;;;;;;;;;;;;;;;;;;;;;;;;;;;;;;;;;;;;;;;;;;;;;;;;;;;;;;;;;;;;;;;;;;;;;;;;;;;;;;;;;;;;;;;;;;;;;;;;;;;;;;;;;;;;;;;;;;;;;;;;;;;;;;;;;;;;;;;;;;;;;;;;;;;;;;;;;;;;;;;;;;;
CYM;;;;;;;;;;;;;;;;;;;;;;;;;;;;;;;;;;;;;;;;;;;;;;;;;;;;;;;;;;;;;;;;;;;;;;;;;;;;;;;;;;;;;;;;;;;;;;;;;;;;;;;;;;;;;;;;;;;;;;;;;;;;;;;;;;;;;;;;;;;;;;;;;;;;;;;;;;;;;;;;;;;;;;;;;;;;;;;;;;;;;;;;;;;;;;;;;;;;;;;;;;;;;;;;;;;;;;;;;;;;;;;;;;;;;;;;;;;;;;;;;;;;;;;;;;;;;;;;;;
CYP;;;;;1;;;;;1;1;;;1;1;1;;1;;;;1;1;;1;1;;;1;1;1;;;;;;1;;1;1;1;1;;;1;;;;;;;;;1;1;;;;1;1;1;;;;;1;1;;;1;;1;;1;;1;;;1;1;1;1;;;1;;1;1;;;;;;;1;;;1;;1;;;;;1;;;1;1;;;1;1;1;1;1;1;;1;;;;;1;;1;;;1;1;;;;;;;1;;;;1;;1;1;;1;;1;1;;;1;;;1;;1;;;1;;;1;;1;;1;;;;;;1;1;;;1;1;1;;;1;;1;;;1;;;1;;;1;;;;;1;1;1;;;;;1;1;;;;;;;;;;;;;1;1;1;;;;1;;;;1;1;;;;1;1;;;;1;1;1;;1;1;1;;;;1;;;;;;1;;1;1
CZE;;;1;;1;;;;;1;1;;;1;1;1;;1;;;;1;1;;1;1;;;1;1;1;;;1;;;1;;1;1;1;1;;;1;;;1;;;;;1;;1;;;;1;1;1;;;;;1;1;;;1;;1;;1;1;1;;;;1;1;1;;;;;1;1;;;1;;1;;1;1;;1;;1;;;;;1;;;1;1;1;1;1;1;1;1;1;1;1;1;1;1;;;1;;1;;1;1;1;;;;;;;1;;;;1;1;1;1;;1;;1;1;1;;1;;;1;1;1;;;1;;;1;;1;1;1;;;1;;1;;1;;;1;1;1;;;1;;1;;1;1;1;;1;;;1;1;;;;1;1;1;1;;;;1;1;;;1;;;;;;;;;1;1;1;1;;;;1;;1;;1;1;;;;;1;1;;;1;1;1;;1;1;1;;1;;1;;;;;1;1;1;1;1
DEU;1;1;1;;1;;;;;1;1;;1;1;1;1;1;1;1;1;;1;1;1;1;1;1;;1;1;1;;1;1;1;;1;;1;1;1;1;;;1;1;1;1;;;;;1;1;;;;1;1;1;1;;;;;1;1;;;1;;1;;1;1;1;1;1;1;1;1;1;;;1;;1;1;;;1;;1;;1;1;;1;;1;;;;;1;;;1;1;1;1;1;1;1;1;1;1;1;1;1;1;1;1;1;;1;;1;1;1;;;;;;;1;;;1;1;1;1;1;;1;;1;1;1;;1;;;1;1;1;;;1;;;1;1;1;1;1;;;1;;1;1;1;;;1;1;1;;;1;;1;1;1;1;1;1;1;;;1;1;;;;1;1;1;1;;;1;1;1;;;1;;;;;;;;;1;1;1;1;;;;1;;1;1;1;1;;;1;1;1;1;;;1;1;1;;1;1;1;1;1;;1;1;;;1;1;1;1;1;1
DFA;;;;;;;;;;;;;;;;;;;;;;;;;;;;;;;;;;;;;;;;;;;;;;;;;;;;;;;;;;;;;;;;;;;;;;;;;;;;;;;;;;;;;;;;;;;;;;;;;;;;;;;;;;;;;;;;;;;;;;;;;;;;;;;;;;;;;;;;;;;;;;;;;;;;;;;;;;;;;;;;;;;;;;;;;;;;;;;;;;;;;;;;;;;;;;;;;;;;;;;;;;;;;;;;;;;;;;;;;;;;;;;;;;;;;;;;;;;;;;;;;;;;;;;;;;;;;;;;;;
DJI;;;;;;;;;;;;;;;;;;;;;;;;;;;;;;;;;;;;;;;;;;;;;;;;;;;;;;;;;;;;;;;;;;;;;;;;;;;;;;;;;;;;;;;;;;;;;;;;;;;;;;;;;;;;;;;;;;;;;;;;;;;;;;;;;;;;;;;;;;;;;;;;;;;;;;;;;;;;;;;;;;;;;;;;;;;;;;;;;;;;;;;;;;;;;;;;;;;;;;;;;;;;;;;;;;;;;;;;;;;;;;;;;;;;;;;;;;;;;;;;;;;;;;;;;;;;;;;;;;
DMA;;;;;;;;;;;;;1;;;;;1;;;;;;;;;;;;;1;;;;;;;;;;;;;;;;;;;;;;;;1;;;;;1;;;;;;;;;;;;;;;;1;;;;1;;;;;;;;;;;;;1;;;;;;;;;;;;;;;;;;;;;;1;;;;;;;;1;;;;;;;;;;;;;;;;;;;;;;;;;;;;;;;;;;;;;;;;;;;;;;;;;;;;;;;;;;;;;;;;;;;;;;;;;;;;;;;;;;;;;;;;;;;;;;;1;;;;;;;;;;;;;;;;1;;;;;;;;;;1;;1;1;;;;;;;;;;;
DNK;1;1;1;;1;;;;;1;1;;1;1;1;1;1;1;1;1;;1;1;;1;1;1;;1;1;1;;1;1;1;;1;;1;1;1;1;;;1;;;1;;;;;1;1;1;;;;;1;1;;;;;1;1;;;1;;1;;1;1;1;1;;1;1;1;1;;;1;;1;1;;;1;;1;;1;1;;1;;1;;;;;1;;;1;1;1;1;1;1;1;1;1;1;1;1;1;1;;;1;;1;;1;1;1;;;;;;;1;;;;1;1;1;1;;1;;1;1;1;;1;;;1;1;1;;;1;;;1;1;1;1;1;;;1;;1;1;1;;;1;1;1;;;1;;1;1;1;1;;1;1;;;1;1;;;;1;1;1;1;;;1;1;1;;;1;;;;;;;;;1;1;1;1;;;;1;;1;1;1;1;;;;1;1;1;;;1;1;1;;1;1;1;;1;;1;;;;;1;1;1;1;1
DOM;1;;1;;;;;;;1;;;;1;1;;;1;;;;1;;;;1;1;;1;1;1;;;;;;1;;1;1;1;1;;;1;;;1;;;;;1;1;1;;;1;1;;1;;;;;1;1;;;1;;;;1;1;1;;;;1;1;1;;;;;;1;;;1;;1;;1;1;;1;;1;;;;;1;;;1;1;1;1;;1;1;1;1;1;1;1;;;;1;1;;;;;1;1;;;;;;;1;;;;;1;1;;;1;;;1;;;1;;;;;1;;;;;;1;;;1;1;;;;;;1;1;;;1;;1;;;1;;1;1;1;1;;;1;;;1;1;;;;;1;1;;;;;;1;;;1;;;;;;;;;1;1;1;1;;;;;;1;;1;;;;;1;1;1;;;;1;1;;1;1;;1;1;;1;;;;;;1;;;
DZA;;;1;;1;;;;;1;;;;1;1;;;1;1;1;;1;1;;1;;;;;1;;;;;1;;1;;1;1;1;1;;;1;;;;;;;;1;1;1;;;;1;1;;;;;;1;1;;;1;;1;;;;1;;;1;1;;1;;;;;1;1;;;1;;;;1;;;1;;;;;;;1;;;1;1;;1;1;;1;;1;1;1;1;;;;;1;;1;;;1;1;;;;;;;;;;;;1;;;;1;;;1;;;1;;;1;1;1;;;;;;;1;;;1;;;;;1;1;;;;1;;;;;1;;1;;;1;;;1;;;1;;;;;1;1;1;;;;1;1;1;;;;;;;;;;;;;;1;1;;;;1;;1;1;1;1;;;;;1;1;;;1;1;1;;1;1;;;1;;1;;;;;1;1;1;;
EAP;;;;;;;;;;;;;;;;;;;;;;;;;;;;;;;;;;;;;;;;;;;;;;;;;;;;;;;;;;;;;;;;;;;;;;;;;;;;;;;;;;;;;;;;;;;;;;;;;;;;;;;;;;;;;;;;;;;;;;;;;;;;;;;;;;;;;;;;;;;;;;;;;;;;;;;;;;;;;;;;;;;;;;;;;;;;;;;;;;;;;;;;;;;;;;;;;;;;;;;;;;;;;;;;;;;;;;;;;;;;;;;;;;;;;;;;;;;;;;;;;;;;;;;;;;;;;;;;;;
EAS;;;;;;;;;;;;;;;;;;;;;;;;;;;;;;;;;;;;;;;;;;;;;;;;;;;;;;;;;;;;;;;;;;;;;;;;;;;;;;;;;;;;;;;;;;;;;;;;;;;;;;;;;;;;;;;;;;;;;;;;;;;;;;;;;;;;;;;;;;;;;;;;;;;;;;;;;;;;;;;;;;;;;;;;;;;;;;;;;;;;;;;;;;;;;;;;;;;;;;;;;;;;;;;;;;;;;;;;;;;;;;;;;;;;;;;;;;;;;;;;;;;;;;;;;;;;;;;;;;
ECA;;;;;;;;;;;;;;;;;;;;;;;;;;;;;;;;;;;;;;;;;;;;;;;;;;;;;;;;;;;;;;;;;;;;;;;;;;;;;;;;;;;;;;;;;;;;;;;;;;;;;;;;;;;;;;;;;;;;;;;;;;;;;;;;;;;;;;;;;;;;;;;;;;;;;;;;;;;;;;;;;;;;;;;;;;;;;;;;;;;;;;;;;;;;;;;;;;;;;;;;;;;;;;;;;;;;;;;;;;;;;;;;;;;;;;;;;;;;;;;;;;;;;;;;;;;;;;;;;;
ECS;;;;;;;;;;;;;;;;;;;;;;;;;;;;;;;;;;;;;;;;;;;;;;;;;;;;;;;;;;;;;;;;;;;;;;;;;;;;;;;;;;;;;;;;;;;;;;;;;;;;;;;;;;;;;;;;;;;;;;;;;;;;;;;;;;;;;;;;;;;;;;;;;;;;;;;;;;;;;;;;;;;;;;;;;;;;;;;;;;;;;;;;;;;;;;;;;;;;;;;;;;;;;;;;;;;;;;;;;;;;;;;;;;;;;;;;;;;;;;;;;;;;;;;;;;;;;;;;;;
ECU;1;;1;;;;;;;1;;;;1;1;1;;1;1;;;1;1;;;1;;;1;1;1;;;;;;1;;1;1;1;;;;1;;;1;;;;;1;1;1;;;;1;1;1;;;;;;1;;;1;;1;;1;;1;;;;1;1;1;;;;;;1;;;1;;;;1;1;;1;;1;;;;;1;;;1;1;1;;1;1;1;1;1;1;1;1;;;;;1;;;;;1;;;;;;;;1;;;;1;1;1;;;1;;1;;;;1;;;1;;1;;;;;;;;1;;1;;;;;;1;1;;;1;;1;;;1;;1;1;1;1;;;1;;;1;1;;;;1;1;1;;;;1;;1;;;1;;;;;;;;;1;1;1;1;;;;1;;;;1;;;;;1;1;1;;;;1;1;;1;1;1;;1;;1;;;;;;1;1;;
EGY;;1;1;;1;;;;;1;1;;;1;1;1;1;1;;1;;1;1;;1;1;;;1;1;1;;;1;;;1;;1;1;1;1;;;1;1;;1;;;;;1;1;1;;;;1;1;1;;;;;1;;;;1;;1;;1;;1;;;1;1;1;1;;;1;;;1;;;1;;;;1;1;;1;;1;;;;;1;;;1;1;1;1;1;1;1;1;1;1;1;1;;1;;;1;;1;;;1;1;;;;;;;1;;;1;1;1;1;;;1;;1;1;;;1;;;1;1;1;;;1;;;1;1;1;1;1;;;1;;1;1;1;;;1;1;1;;;1;;1;;1;1;;;1;;;1;1;;;;1;1;1;1;;;1;1;1;;;1;;;;;;;;;1;;1;1;;;;1;;1;;1;1;;;;;1;1;;;1;1;1;;1;1;1;;1;;1;;;;;1;1;1;1;1
EMU;;;;;;;;;;;;;;;;;;;;;;;;;;;;;;;;;;;;;;;;;;;;;;;;;;;;;;;;;;;;;;;;;;;;;;;;;;;;;;;;;;;;;;;;;;;;;;;;;;;;;;;;;;;;;;;;;;;;;;;;;;;;;;;;;;;;;;;;;;;;;;;;;;;;;;;;;;;;;;;;;;;;;;;;;;;;;;;;;;;;;;;;;;;;;;;;;;;;;;;;;;;;;;;;;;;;;;;;;;;;;;;;;;;;;;;;;;;;;;;;;;;;;;;;;;;;;;;;;;
ERI;;;;;;;;;;;;;;;;;;;;;;;;;;;;;;;;;;;;;;;;;;;;;;;;;;;;;;;;;;;;;;;;;;;;;;;;;;;;;;;;;;;;;;;;;;;;;;;;;;;;;;;;;;;;;;;;;;;;;;;;;;;;;;;;;;;;;;;;;;;;;;;;;;;;;;;;;;;;;;;;;;;;;;;;;;;;;;;;;;;;;;;;;;;;;;;;;;;;;;;;;;;;;;;;;;;;;;;;;;;;;;;;;;;;;;;;;;;;;;;;;;;;;;;;;;;;;;;;;;
ESP;1;1;1;;1;;;;;1;1;;;1;1;1;;1;1;1;;1;1;1;1;1;1;;1;1;1;;1;1;1;;1;;1;1;1;1;;;1;;1;1;;;;;1;1;1;;;;1;1;1;;;;;1;1;;;;;1;;1;1;1;1;1;1;1;1;1;;;1;;1;1;;;1;;1;;1;1;;1;;1;;;;;1;;;1;1;1;1;1;1;1;1;1;1;1;1;1;1;;;1;;1;;1;1;1;;;;;;;1;;;;1;1;1;1;;1;;1;1;1;;1;;;1;1;1;;;1;;;1;1;1;1;1;;;1;;1;1;1;;;1;1;1;;;1;;1;1;1;1;;1;1;;;1;1;;;;1;1;1;1;;;1;1;1;;;1;;;;;;;;;1;1;1;1;;;;1;;1;1;1;1;;;;1;1;1;;;1;1;1;;1;1;1;;1;;1;;;;;1;1;1;1;1
EST;;;;;;;;;;;;;;;;;;;;;;;;;;;;;;;;;;;;;;;;;;;;;;;;;;;;;;;;;;;;;;;;;;;;;;;;;;;;;;;;;;;;;;;;;;;;;;;;;;;;;;;;;;;;;;;;;;;;;;;;;;;;;;;;;;;;;;;;;;;;;;;;;;;;;;;;;;;;;;;;;;;;;;;;;;;;;;;;;;;;;;;;;;;;;;;;;;;;;;;;;;;;;;;;;;;;;;;;;;;;;;;;;;;;;;;;;;;;;;;;;;;;;;;;;;;;;;;;;;
ETH;;;1;;;;;;;1;;;;1;1;;1;1;;;;1;1;;1;1;;;1;1;;;;1;;;1;;1;1;1;1;;;1;;;1;;;;;1;1;1;;;;1;;1;;;;;1;1;;;1;;;;1;;1;;;1;1;;1;;;;;;1;;;1;;;;1;;;1;;1;;;;;1;;;1;1;1;1;;1;1;;1;1;1;1;;1;;;1;;1;;;1;1;;;;;;;1;;;;1;;1;;;1;;;1;;;1;;;;;;;;;;;1;;1;1;1;;;1;;1;1;;;;1;;1;;;1;;1;;1;1;;;1;;;1;;;;;1;1;1;1;;;1;1;1;;;;;;;;;;;;;1;1;1;;;;1;;1;1;1;;;;;;1;1;;;1;1;1;;1;1;;;;;1;;;;;1;1;1;1;1
EUU;;;;;;;;;;;;;;;;;;;;;;;;;;;;;;;;;;;;;;;;;;;;;;;;;;;;;;;;;;;;;;;;;;;;;;;;;;;;;;;;;;;;;;;;;;;;;;;;;;;;;;;;;;;;;;;;;;;;;;;;;;;;;;;;;;;;;;;;;;;;;;;;;;;;;;;;;;;;;;;;;;;;;;;;;;;;;;;;;;;;;;;;;;;;;;;;;;;;;;;;;;;;;;;;;;;;;;;;;;;;;;;;;;;;;;;;;;;;;;;;;;;;;;;;;;;;;;;;;;
FIN;1;;1;;1;;;;;1;1;;;1;1;1;;1;1;1;;1;1;1;1;1;;;1;1;1;;;1;;;1;;1;1;1;1;;;1;;;1;;;;;1;1;1;;;;1;1;;;;;;1;1;;;1;;1;;;1;1;1;;1;1;1;1;;;1;;1;1;;;1;;1;;1;1;;1;;1;;;;;1;;;1;1;1;1;1;1;1;1;1;1;1;1;1;1;;;1;;1;;1;1;1;;;;;;;1;;;;1;1;1;1;;1;;1;1;;;1;;;1;1;1;;;1;;;1;;1;1;1;;;1;;1;1;1;;;1;1;1;;;1;;1;;1;1;;1;1;;;1;1;;;;1;1;1;1;;;1;1;1;;;1;;;;;;;;;1;1;1;1;;;;1;;1;;1;1;;;;;1;1;;;1;1;1;;1;1;1;;1;;1;;;;;1;1;1;1;1
FJI;;;;;;;;;;1;;;;1;1;;;1;;;;1;;;;;;;;1;1;;;;;;1;;;1;;;;;1;;;;;;;;;1;1;;;;1;1;;;;;;;;;;1;;;;1;;1;;;;1;;;;;;;;;;;;;;;1;;;;;1;;;;;1;;;1;1;;1;;1;1;;;1;;1;;;1;;1;;1;;;;;;;;;;;1;;;;;;;;;1;;;;;;1;;;;;;;;;;;;;1;;1;;;1;;;;;;;1;;1;;;;;1;;1;1;1;1;1;;;1;;;;;;;;;;;;;1;;;;;;;;;;;;;;1;1;;;;;;;;1;;;;1;;;1;;;;;;;1;1;;;;;1;1;;;1;;1;;;
FRA;1;1;1;;1;;;;;1;1;;1;1;1;1;1;1;1;1;;1;1;1;1;1;1;;1;1;1;;1;1;1;;1;;1;1;1;1;;;1;1;1;1;;;;;1;1;1;;;1;1;1;1;;;;;1;1;;;1;;1;;1;1;;1;1;1;1;1;1;;;1;;1;1;;;1;;1;;1;1;;1;;1;;;;;1;;;1;1;1;1;1;1;1;1;1;1;1;1;1;1;;1;1;;1;;1;1;1;;;;;;;1;;;;1;1;1;1;;1;;1;1;1;;1;;;1;1;1;;;1;;;1;1;1;1;1;;;1;;1;1;1;;;1;1;1;;;1;;1;1;1;1;1;1;1;;;1;1;;;;1;1;1;1;;;1;1;1;;;1;;;;;;;;;1;1;1;1;;;;1;;1;1;1;1;;;;1;1;1;;;1;1;1;;1;1;1;1;1;;1;1;;;1;1;1;1;1;1
FRO;;;;;;;;;;;;;;;1;;;1;;;;;;;;;;;;;;;;;;;;;;1;;;;;;;;;;;;;;;1;;;;1;;;;;;;;;;;1;;;;1;;1;;;;1;;;;;;;;;;;;;;;;;;;;;;;;;;;;;1;;;1;1;1;;;;;;;;;;;;;;;;;;;;;;;;;;;1;1;1;;;;;;;;;;;;;;;;;;;;;;;;1;;;;;;1;;;;1;;1;;;;;;;1;;;;1;;;1;;;;;;1;1;;;;;;;;;;;;;;;;;;;;;1;;;;;;;;1;;;;;;;;;;;;;;;1;;;;;;;;;;;1;1;;
FSM;;;;;;;;;;;;;;1;1;;;1;;;;;;;;;;;;1;;;;;;;1;;1;1;;;;;;;;;;;;;;;1;;;;;;;;;;;;;;;1;;;;;;1;;;;1;;;;;;;;;;;;;;;1;;;;;;;;;;1;;;1;;;;;;1;;;1;;;;;;;1;;;;;;;;;;;;;;;;;;;;;;;;;;;;1;;;;;;;;;;;;;;;1;;;;;;;;;;;;;;;;;1;;;1;;1;;;;;;;;;;;;;;;;;;;;;;;;;;;;;;;;;;;;;;;;1;;;;;;;;;;;;;;;1;;;;;;;;;1;;1;;;
GAB;;;1;;1;;;;;1;;;;1;1;;;1;1;1;;;;;;;;;;1;;;;;;;1;;;1;1;1;;;1;;;;;;;;1;;1;;;;1;;1;;;;;;1;;;1;;1;;1;;1;;;;1;;1;;;1;;1;1;;;;;;;1;;;;;1;;;;;1;;;1;1;;;;1;1;;1;1;1;1;;;;;1;;;;;1;;;;;;;;1;;;;;1;;;;1;;;1;;;1;;;;;1;;;;;;1;;;1;1;;;;;1;1;;;;1;;1;;;1;;1;;;1;;;1;;;1;;;;;1;1;1;;;;;1;1;;;;;;;;;;;;;;;1;;;;1;;1;1;1;;;;;;1;1;;;;;;;;1;;;;;1;;;;;;1;1;1;1
GBR;1;1;1;;1;;;;;1;1;;1;1;1;1;1;1;1;1;;1;1;1;1;1;1;;1;1;1;;1;1;1;;1;;1;1;1;1;;;1;1;;1;;;;;1;1;1;;;1;1;1;1;;;;;1;1;;;1;;1;;1;1;1;1;1;1;;1;1;;;1;;1;1;;;1;;1;;1;1;;1;;1;;;;;1;;;1;1;1;1;1;1;1;1;1;1;1;1;1;1;1;1;1;;1;;1;1;1;;;;;;;1;;;1;1;1;1;1;;1;;1;1;1;;1;;;1;1;1;;;1;;;1;1;1;1;1;;;1;;1;1;1;;;1;1;1;;;1;;1;1;1;1;;1;1;;;1;1;;;;1;1;1;1;;;1;1;1;;;1;;;;;;;;;1;1;1;1;;;;1;;1;1;1;1;;;1;1;1;1;;;1;1;1;;1;1;1;1;1;;1;1;;;1;1;1;1;1;1
GEO;;;;;1;;;;;1;1;;;1;1;1;;1;;1;;1;;;1;1;;;;1;;;;;;;1;;1;1;;1;;;1;;;;;;;;1;1;1;;;;1;1;;;;;;1;1;;;1;;;;1;;1;;;;1;;1;;;;;;1;;;;;;;1;1;;1;;1;;;;;1;;;1;1;1;1;;1;1;;1;1;1;;1;1;;;1;;1;;;1;;;;;;;;1;;;;1;1;1;;;1;;1;;;;1;;;1;;;;;;;;;;;;1;;;;;;1;;;;1;1;;;;1;;1;;1;1;;;1;;;1;;;;;;1;1;;;;;;1;;;;;;;;;;;;;1;1;1;;;;1;;;;1;1;;;;;1;1;;;;1;1;;1;1;1;;;;1;;;;;1;1;;;
GHA;;;1;;;;;;;1;;;;1;1;1;;1;1;1;;1;1;1;;1;;;;1;1;;;1;1;;1;;1;1;1;1;;;1;;;;;;;;1;1;1;;;;1;1;1;;;;;1;1;;;1;;1;;1;;1;;;1;1;1;;;;1;;1;1;;;1;;;;1;;;1;;1;;;;;1;;;1;1;1;1;1;1;1;1;1;1;1;1;;;;;1;;1;;;1;1;;;;;;;1;;;;1;1;1;;;1;;;;;;1;;;;1;1;;;;;;1;1;1;1;1;;;1;;1;1;;;;1;1;1;;;1;;1;1;1;1;;;1;;;1;1;;;;1;1;1;1;;;;1;1;;;;;;;;;;;;;1;1;1;;;;1;;1;1;1;;;;;;1;1;;;1;1;1;;1;1;;;;;1;;;;;;1;1;1;1
GIB;;;;;;;;;;;;;;;;;;;;;;;;;;;;;;;;;;;;;;;;;;;;;;;;;;;;;;;;;;;;;;;;;;;;;;;;;;;;;;;;;;;;;;;;;;;;;;;;;;;;;;;;;;;;;;;;;;;;;;;;;;;;;;;;;;;;;;;;;;;;;;;;;;;;;;;;;;;;;;;;;;;;;;;;;;;;;;;;;;;;;;;;;;;;;;;;;;;;;;;;;;;;;;;;;;;;;;;;;;;;;;;;;;;;;;;;;;;;;;;;;;;;;;;;;;;;;;;;;;
GIN;;;;;;;;;;;;;;;;;;;;;;;;;;;;;;;;;;;;;;;;;;;;;;;;;;;;;;;;;;;;;;;;;;;;;;;;;;;;;;;;;;;;;;;;;;;;;;;;;;;;;;;;;;;;;;;;;;;;;;;;;;;;;;;;;;;;;;;;;;;;;;;;;;;;;;;;;;;;;;;;;;;;;;;;;;;;;;;;;;;;;;;;;;;;;;;;;;;;;;;;;;;;;;;;;;;;;;;;;;;;;;;;;;;;;;;;;;;;;;;;;;;;;;;;;;;;;;;;;;
GMB;;;1;;;;;;;;;;;;;;;1;1;;;1;;;;;;;;1;;;;;;;1;;;1;1;1;;;;;;;;;;;1;;1;;;;1;;;;;;;;1;;;1;;;;1;;1;;;1;1;;1;;;;;;;;;;;;;1;;;;;;;;;;1;;;1;1;;;;;1;;;1;;;;;;;1;;;;;1;1;;;;;;;;;;;;;;;;1;;;;;;;;;;1;;;;;;;;;;;;;;;;;1;;;;1;;;;;;;1;;;;;;;;;1;;;;;;;1;;;;;1;;;;;;;;;;;;;;;;1;;;;;;;1;1;;;;;;;1;;;;;;;1;1;;;;;;;;;;;1;;;
GNB;;;;;;;;;;;;;;;;;;;;;;;;;;;;;;;;;;;;;;;;;;;;;;;;;;;;;;;;;;;;;;;;;;;;;;;;;;;;;;;;;;;;;;;;;;;;;;;;;;;;;;;;;;;;;;;;;;;;;;;;;;;;;;;;;;;;;;;;;;;;;;;;;;;;;;;;;;;;;;;;;;;;;;;;;;;;;;;;;;;;;;;;;;;;;;;;;;;;;;;;;;;;;;;;;;;;;;;;;;;;;;;;;;;;;;;;;;;;;;;;;;;;;;;;;;;;;;;;;;
GNQ;;;;;;;;;;;;;;1;1;1;;1;1;1;;1;;;;1;;;;1;;;;;;;1;;1;1;1;1;;;;;;;;;;;1;1;1;;;;1;;1;;;;;;;;;1;;;;1;;1;;;1;1;;1;;;;;;1;;;;;;;1;1;;1;;;;;;;1;;;1;1;;;;1;1;;;1;1;;;;;;1;;;;;1;;;;;;;;;;;;;;;;;1;;;;;;1;;;;;;;;;;;;1;;;1;;;;;1;1;;;;1;;;;;;;1;;;;;;1;;;1;;;;;;;;;;;;1;1;;;;;;;;;;;;;1;;1;;;;;;;1;1;;;;;;1;1;;;1;;1;;;1;;;;;;;;;;;1;;;
GRC;1;;1;;1;;;;;1;1;;;1;1;1;;1;1;1;;1;1;1;1;1;1;;1;1;1;;;1;;;1;;1;1;1;1;;;1;1;;1;;;;;1;1;1;;;;1;1;1;;;;;1;1;;;1;;1;;1;;1;;;1;1;1;1;;;;;1;;;;1;;1;;1;1;;1;;1;;;;;1;;;1;1;1;1;1;1;1;1;1;1;1;1;1;1;;;1;;1;;1;1;1;;;;;;;1;;;;1;1;1;1;;1;;1;1;1;;1;;;1;1;1;;;1;;;1;1;1;1;1;;;1;;1;1;1;;;1;1;1;;;1;;1;1;1;1;;;1;;;1;1;;;;1;1;1;1;;;1;1;1;;;1;;;;;;;;;;1;1;1;;;;1;;1;1;1;1;;;;1;1;1;;;1;1;1;;1;1;1;1;1;;1;;;;;1;1;1;1;1
GRD;;;;;;;;;;;;;;;;;;;;;;;;;;;;;;;;;;;;;;;;;;;;;;;;;;;;;;;;;;;;;;;;;;;;;;;;;;;;;;;;;;;;;;;;;;;;;;;;;;;;;;;;;;;;;;;;;;;;;;;;;;;;;;;;;;;;;;;;;;;;;;;;;;;;;;;;;;;;;;;;;;;;;;;;;;;;;;;;;;;;;;;;;;;;;;;;;;;;;;;;;;;;;;;;;;;;;;;;;;;;;;;;;;;;;;;;;;;;;;;;;;;;;;;;;;;;;;;;;;
GRL;;;;;;;;;;;;;;;;;;;;;;;;;;;;;;;;;;;;;;;;;;;;;;;;;;;;;;;;;;;;;;;;;;;;;;;;;;;;;;;;;;;;;;;;;;;;;;;;;;;;;;;;;;;;;;;;;;;;;;;;;;;;;;;;;;;;;;;;;;;;;;;;;;;;;;;;;;;;;;;;;;;;;;;;;;;;;;;;;;;;;;;;;;;;;;;;;;;;;;;;;;;;;;;;;;;;;;;;;;;;;;;;;;;;;;;;;;;;;;;;;;;;;;;;;;;;;;;;;;
GTM;1;;1;;;;;;;1;;;;1;1;;;1;;;;1;1;1;;;1;;1;1;1;;;;;;1;;1;1;1;;;;1;;;1;;;;;;1;1;;;;1;1;1;;;;;1;1;;;1;;1;;1;;1;;;;1;;1;;;;;;1;;;;;1;;1;1;;1;;1;;;;;1;;;1;1;1;;1;1;1;1;1;1;;1;;1;;;1;;;;;1;;;;;;;;1;;;;;1;1;;;1;;;;;;1;;;;;;;;;;;1;;;;1;;;;;;;1;;;1;1;1;;;;;1;1;1;1;;;1;;;1;1;;;;;1;1;;;;1;;1;;;1;;;;;;;;;1;1;;1;;;;1;;;;1;;;;;1;1;1;;;;;1;;1;1;;;1;;1;;;;;;1;1;;
GUM;;;;;;;;;;;;;;;;;;;;;;;;;;;;;;;;;;;;;;;;;;;;;;;;;;;;;;;;;;;;;;;;;;;;;;;;;;;;;;;;;;;;;;;;;;;;;;;;;;;;;;;;;;;;;;;;;;;;;;;;;;;;;;;;;;;;;;;;;;;;;;;;;;;;;;;;;;;;;;;;;;;;;;;;;;;;;;;;;;;;;;;;;;;;;;;;;;;;;;;;;;;;;;;;;;;;;;;;;;;;;;;;;;;;;;;;;;;;;;;;;;;;;;;;;;;;;;;;;;
GUY;1;;;;;;;;;;;;1;1;1;;;1;;;;1;1;1;;;1;;;1;1;;;;;;1;;1;1;;;;;1;;;1;;;;;;1;1;;;1;1;1;;;;;;;;;;1;;;;1;;1;;;;1;;;;;;;;1;;;1;;;;1;1;;;;;;;;;1;;;1;1;1;;;1;1;1;;1;;;;;;1;1;;;;;1;;;;;;;;1;;;;;;;;;;;;;;;1;;;;;;;;;;;;;1;;1;;;;;;;;;;1;;1;;;;;1;1;1;1;;;1;;;1;;;;;;;1;;;;;;1;;;1;;;;;;;;;1;;;1;;;;;;;;1;;;;;1;;1;;;;;1;;1;1;;1;1;;1;;;;;;1;;;
HIC;;;;;;;;;;;;;;;;;;;;;;;;;;;;;;;;;;;;;;;;;;;;;;;;;;;;;;;;;;;;;;;;;;;;;;;;;;;;;;;;;;;;;;;;;;;;;;;;;;;;;;;;;;;;;;;;;;;;;;;;;;;;;;;;;;;;;;;;;;;;;;;;;;;;;;;;;;;;;;;;;;;;;;;;;;;;;;;;;;;;;;;;;;;;;;;;;;;;;;;;;;;;;;;;;;;;;;;;;;;;;;;;;;;;;;;;;;;;;;;;;;;;;;;;;;;;;;;;;;
HKG;1;;1;;1;;;;;1;1;;;1;1;1;1;1;1;1;;1;1;1;1;1;1;;1;1;1;;1;1;1;;1;;1;1;1;1;;;1;;;1;;;;;1;1;1;;;;1;1;1;;;;;1;1;;;1;;1;;1;1;1;;1;1;1;1;1;;;1;;1;1;;;1;;1;;;1;;1;;1;;;;;1;;;1;1;1;1;1;1;1;1;1;1;1;1;1;1;1;;1;;1;;1;1;1;;;;;;;1;;;1;1;1;1;1;;1;;1;1;1;;1;;;1;1;1;;;;;;1;;1;1;1;;;1;;;1;1;;;1;1;1;;;1;;1;1;1;1;;1;1;;;1;1;;;;1;1;1;1;;;1;1;1;;;1;;;;;;;;;1;1;1;1;;;;1;;1;1;1;1;;;1;1;1;1;;;1;1;1;;1;1;1;;1;;1;1;;;1;1;1;1;1;1
HND;1;;1;;;;;;;1;;;;1;1;;;1;;;;1;;1;;;1;;1;1;1;;;;;;1;;1;1;;;;;1;;;1;;;;;;1;1;;;;1;1;;;;;;1;1;;;1;;;;1;;1;;;;1;1;;;;;;1;1;;;1;;1;;1;;;1;;1;;;;;1;;;1;1;;1;1;1;1;1;1;1;;;;;;;1;;;;;1;1;;;;;;;1;;;;;1;;;;1;;;;;;1;;;;;;;;;;;;;;;1;;;;;;;1;;;1;;1;;;;;1;1;1;1;;;1;;;1;1;;;;;1;1;;;;;1;1;;;1;;;;;;;;;1;1;1;1;;;;1;;;;1;;;;;1;;1;;;;;1;;1;1;;;1;;1;;;;;;1;1;;
HPC;;;;;;;;;;;;;;;;;;;;;;;;;;;;;;;;;;;;;;;;;;;;;;;;;;;;;;;;;;;;;;;;;;;;;;;;;;;;;;;;;;;;;;;;;;;;;;;;;;;;;;;;;;;;;;;;;;;;;;;;;;;;;;;;;;;;;;;;;;;;;;;;;;;;;;;;;;;;;;;;;;;;;;;;;;;;;;;;;;;;;;;;;;;;;;;;;;;;;;;;;;;;;;;;;;;;;;;;;;;;;;;;;;;;;;;;;;;;;;;;;;;;;;;;;;;;;;;;;;
HRV;;;1;;1;;;;;1;1;;;1;1;1;;1;;;;1;1;;1;1;;;1;1;;;;;;;1;;1;1;1;1;;;1;;;1;;;;;1;1;1;;;;1;1;1;;;;;1;1;;;1;;1;;1;;1;;;;1;1;1;;;;;1;1;;;1;;;;1;1;;;;1;;;;;1;;;1;1;1;1;1;1;1;1;1;1;1;1;1;1;;;1;;1;;;1;1;;;;;;;1;;;;1;1;1;;;1;;1;1;;;1;;;1;;1;;;1;;;1;;1;;1;;;1;;;1;;;;1;1;1;;;1;;1;;1;1;;;1;;;1;1;;;;1;1;1;;;;;1;1;;;;;;;;;;;;;1;1;1;;;;1;;1;;1;1;;;;1;1;1;;;1;1;1;;1;1;1;;1;;1;1;;;;;1;1;;1
HTI;;;;;;;;;;;;;;;;;;;;;;;;;;;;;;;;;;;;;;;;;;;;;;;;;;;;;;;;;;;;;;;;;;;;;;;;;;;;;;;;;;;;;;;;;;;;;;;;;;;;;;;;;;;;;;;;;;;;;;;;;;;;;;;;;;;;;;;;;;;;;;;;;;;;;;;;;;;;;;;;;;;;;;;;;;;;;;;;;;;;;;;;;;;;;;;;;;;;;;;;;;;;;;;;;;;;;;;;;;;;;;;;;;;;;;;;;;;;;;;;;;;;;;;;;;;;;;;;;;
HUN;;;;;1;;;;;1;1;;;1;1;1;;1;;;;1;1;;1;1;;;;1;1;;;1;;;1;;1;1;1;;;;1;;;1;;;;;1;1;1;;;;1;1;;;;;;1;1;;;1;;1;;1;1;1;;;1;1;1;1;;;;;;1;;;1;;;;1;1;;1;;;;;;;1;;;1;1;1;1;1;1;1;;1;1;1;1;1;1;;;1;;1;;1;1;;;;;;;;1;;;;1;1;1;1;;1;;1;1;;;1;;;1;1;1;;;1;;;1;;1;1;1;;;1;;1;1;;;;1;1;1;;;1;;1;;1;1;;;1;;;1;1;;;;1;1;1;;;;1;1;1;;;1;;;;;;;;;;1;1;1;;;;1;;;;1;1;;;;;1;1;;;1;1;1;;1;1;1;;1;;1;;;;;;1;1;1;1
IBD;;;;;;;;;;;;;;;;;;;;;;;;;;;;;;;;;;;;;;;;;;;;;;;;;;;;;;;;;;;;;;;;;;;;;;;;;;;;;;;;;;;;;;;;;;;;;;;;;;;;;;;;;;;;;;;;;;;;;;;;;;;;;;;;;;;;;;;;;;;;;;;;;;;;;;;;;;;;;;;;;;;;;;;;;;;;;;;;;;;;;;;;;;;;;;;;;;;;;;;;;;;;;;;;;;;;;;;;;;;;;;;;;;;;;;;;;;;;;;;;;;;;;;;;;;;;;;;;;;
IBT;;;;;;;;;;;;;;;;;;;;;;;;;;;;;;;;;;;;;;;;;;;;;;;;;;;;;;;;;;;;;;;;;;;;;;;;;;;;;;;;;;;;;;;;;;;;;;;;;;;;;;;;;;;;;;;;;;;;;;;;;;;;;;;;;;;;;;;;;;;;;;;;;;;;;;;;;;;;;;;;;;;;;;;;;;;;;;;;;;;;;;;;;;;;;;;;;;;;;;;;;;;;;;;;;;;;;;;;;;;;;;;;;;;;;;;;;;;;;;;;;;;;;;;;;;;;;;;;;;
IDA;;;;;;;;;;;;;;;;;;;;;;;;;;;;;;;;;;;;;;;;;;;;;;;;;;;;;;;;;;;;;;;;;;;;;;;;;;;;;;;;;;;;;;;;;;;;;;;;;;;;;;;;;;;;;;;;;;;;;;;;;;;;;;;;;;;;;;;;;;;;;;;;;;;;;;;;;;;;;;;;;;;;;;;;;;;;;;;;;;;;;;;;;;;;;;;;;;;;;;;;;;;;;;;;;;;;;;;;;;;;;;;;;;;;;;;;;;;;;;;;;;;;;;;;;;;;;;;;;;
IDB;;;;;;;;;;;;;;;;;;;;;;;;;;;;;;;;;;;;;;;;;;;;;;;;;;;;;;;;;;;;;;;;;;;;;;;;;;;;;;;;;;;;;;;;;;;;;;;;;;;;;;;;;;;;;;;;;;;;;;;;;;;;;;;;;;;;;;;;;;;;;;;;;;;;;;;;;;;;;;;;;;;;;;;;;;;;;;;;;;;;;;;;;;;;;;;;;;;;;;;;;;;;;;;;;;;;;;;;;;;;;;;;;;;;;;;;;;;;;;;;;;;;;;;;;;;;;;;;;;
IDN;1;;1;;1;;;;;1;;;;1;1;1;1;1;1;1;;1;1;;1;1;;;1;1;1;;1;1;1;;1;;1;1;1;1;;;1;;;1;;;;;1;1;1;;;;1;1;1;;;;;1;1;;;1;;1;;1;1;1;;1;1;1;1;1;;;1;;1;1;;;1;;1;;1;1;;1;;1;;;;;;;;1;1;1;1;1;1;1;1;1;1;1;1;1;1;;;1;;1;;1;1;1;;;;;;;1;;;;1;1;1;1;;1;;1;1;;;1;;;1;1;1;;;;;;1;;1;1;1;;;1;;1;1;1;;;1;1;1;;;1;;1;1;1;1;1;1;1;;;1;1;;;;1;1;1;1;;;1;1;1;;;1;;;;;;;;;1;1;1;1;;;;1;;1;1;1;1;;;;1;1;1;;;1;1;1;;1;1;1;;1;;1;1;;;1;1;1;1;1;1
IDX;;;;;;;;;;;;;;;;;;;;;;;;;;;;;;;;;;;;;;;;;;;;;;;;;;;;;;;;;;;;;;;;;;;;;;;;;;;;;;;;;;;;;;;;;;;;;;;;;;;;;;;;;;;;;;;;;;;;;;;;;;;;;;;;;;;;;;;;;;;;;;;;;;;;;;;;;;;;;;;;;;;;;;;;;;;;;;;;;;;;;;;;;;;;;;;;;;;;;;;;;;;;;;;;;;;;;;;;;;;;;;;;;;;;;;;;;;;;;;;;;;;;;;;;;;;;;;;;;;
IMY;;;;;;;;;;;;;;;;;;;;;;;;;;;;;;;;;;;;;;;;;;;;;;;;;;;;;;;;;;;;;;;;;;;;;;;;;;;;;;;;;;;;;;;;;;;;;;;;;;;;;;;;;;;;;;;;;;;;;;;;;;;;;;;;;;;;;;;;;;;;;;;;;;;;;;;;;;;;;;;;;;;;;;;;;;;;;;;;;;;;;;;;;;;;;;;;;;;;;;;;;;;;;;;;;;;;;;;;;;;;;;;;;;;;;;;;;;;;;;;;;;;;;;;;;;;;;;;;;;
IND;1;1;1;;1;;;;;1;1;;;1;1;1;1;1;1;1;;1;1;1;1;1;1;;1;1;1;;1;1;1;;1;;1;1;1;1;;;1;1;1;1;;;;;1;1;1;;;;1;1;1;;;;;1;1;;;1;;1;;1;1;1;;1;1;1;1;1;;;1;;1;1;;;1;;1;;1;1;;1;;1;;;;;1;;;;1;1;1;1;1;1;1;1;1;1;1;1;1;;;1;;1;;1;1;1;;;;;;;1;;;;1;1;1;1;;1;;1;1;1;;1;;;1;1;1;;;;;;1;1;1;1;1;;;1;;1;1;1;;;1;1;1;;;1;;1;1;1;1;1;1;1;;;1;1;;;;1;1;1;1;;;1;1;1;;;1;;;;;;;;;1;1;1;1;;;;1;;1;1;1;1;;;1;1;1;1;;;1;1;1;;1;1;1;;1;;1;1;;;1;1;1;1;1;1
IRL;1;;1;;1;;;;;1;1;;1;1;1;1;1;1;;1;;1;1;1;1;1;1;;1;1;1;;;1;1;;1;;1;1;1;1;;;1;;;1;;;;;1;1;1;;;;1;1;1;;;;;1;1;;;1;;1;;1;1;1;1;;1;1;1;1;;;1;;1;1;;;1;;1;;1;1;;1;;1;;;;;1;;;1;;1;1;1;1;1;1;1;1;1;1;1;1;;;1;;1;;1;1;1;;;;;;;1;;;1;1;1;1;1;;1;;1;1;1;;1;;;1;1;1;;;1;;;1;;1;1;1;;;1;;1;1;1;;;1;1;1;;;1;;1;1;1;1;;1;1;;;1;1;;;;1;1;1;;;;1;1;1;;;1;;;;;;;;;1;1;1;1;;;;1;;1;1;1;1;;;;1;1;1;;;1;1;1;;1;1;1;;1;;1;1;;;1;;1;1;1;1
IRN;;;;;1;;;;;1;1;;;1;1;1;;1;;;;1;1;;1;1;;;;1;;;;;;;1;;1;1;1;1;;;1;;;1;;;;;;1;1;;;;1;1;;;;;;1;1;;;1;;1;;1;;1;;;;1;1;1;;;;;;1;;;1;;1;;1;;;1;;1;;;;;1;;;1;1;;1;1;;1;;1;1;1;1;1;1;;;1;;;;;1;;;;;;;;1;;;;;1;1;;;1;;1;;1;;1;;;1;;;;;;;;1;;1;1;1;;;1;;;;;;;1;1;;;;1;;1;;1;1;;;1;;;1;1;;;;1;1;1;;;;;1;1;;;;;;;;;;;;;;1;1;;;;1;;;;1;1;;;;;1;1;;;1;1;1;;1;1;1;;1;;1;;;;;;1;;;1
IRQ;;;;;1;;;;;1;1;;;1;1;1;;1;;;;1;1;;1;;;;;1;;;;;;;1;;1;1;;;;;1;;;1;;;;;;1;1;;;;1;1;1;;;;;;1;;;1;;1;;1;1;1;;;;1;1;1;;;;;;1;;;;;;;1;1;;1;;1;;;;;1;;;1;1;1;;;;1;;1;1;1;1;1;;;;1;;;;;1;;;;;;;;1;;;;;1;;;;1;;1;;;;1;;;1;;1;;;;;;;;;;1;;;;;;;;;;1;1;1;;;;;1;;1;1;;;1;;;1;;;;;1;1;1;;;;1;;;;;1;;;;;;;;;;1;1;1;;;;1;;;;1;;;;;;1;1;;;1;1;1;;;1;;;1;;1;;;;;1;1;;;1
ISL;;;;;;;;;;1;;;;1;1;1;;1;;;;1;1;;1;1;;;;1;;;;;;;1;;1;1;;;;;1;;;1;;;;;1;1;1;;;;1;;1;;;;;1;1;;;1;;;;1;;1;1;;;1;;1;;;;;;1;;;1;;;;1;1;;1;;1;;;;;1;;;1;1;1;;;1;1;1;1;1;;1;;1;;;1;;;;1;1;;;;;;;;1;;;;1;1;1;;;1;;;1;;;1;;;1;;1;;;1;;;;;1;1;1;;;1;;;1;1;;;1;;1;;;1;;1;;1;1;;;1;;;1;1;;;;;1;1;;;;;;1;;;1;;;;;;;;;;1;1;1;;;;1;;;;1;;;;;;1;1;;;;;1;;;1;;;1;;1;;;;;;1;;;1
ISR;;;1;;1;;;;;1;1;;;1;1;1;1;1;1;1;;1;;;1;1;1;;1;1;1;;;1;1;;1;;1;1;1;1;;;1;;;1;;;;;1;1;1;;;;1;1;;;;;;1;1;;;1;;1;;1;1;1;1;;1;1;1;1;;;;;1;1;;;1;;1;;1;1;;1;;1;;;;;1;;;1;1;;;1;;1;1;1;1;1;1;1;1;;;1;;;;1;;1;;;;;;;1;;;;1;1;1;1;;;;1;1;;;1;;;1;;1;;;1;;;1;;1;1;;;;1;;1;1;1;;;1;1;1;;;;;;;1;1;;;1;;;1;1;;;;;1;1;1;;;;1;1;;;1;;;;;;;;;1;1;1;1;;;;;;1;1;1;1;;;;;;1;;;1;1;1;;1;1;1;;1;;1;;;;;;1;;1;1
ITA;1;1;1;;1;;;;;1;1;;;1;1;1;1;1;1;1;;1;1;1;1;1;1;;1;1;1;;1;1;1;;1;;1;1;1;1;;;1;1;1;1;;;;;1;1;1;;;;1;1;1;;;;;1;1;;;1;;1;;1;1;1;1;1;1;1;1;1;;;1;;1;1;;;1;;1;;1;1;;1;;1;;;;;1;;;1;1;1;1;1;1;;1;1;1;1;1;1;1;;;1;;1;;1;1;1;;;;;;;1;;;;1;1;1;1;;1;;1;1;1;;1;;;1;1;1;;;1;;;1;1;1;1;1;;;1;;1;1;1;;;1;1;1;;;1;;1;1;1;1;;1;1;;;1;1;;;;1;1;1;1;;;1;1;1;;;1;;;;;;;;;1;1;1;1;;;;1;;1;1;1;1;;;1;1;1;1;;;1;1;1;;1;1;1;1;1;;1;1;;;;1;1;1;1;1
JAM;1;;;;;;;;;1;;;1;1;1;;;1;;;;;;;;;1;;;1;1;;;;;;1;;1;1;;;;;1;;;1;;;;;1;1;1;;;1;1;1;;;;;;1;1;;;1;;;;1;;1;;;;1;;1;;;;;;1;;;1;;1;;1;1;;1;;;;;;;1;;;1;1;;;1;1;1;;;1;;1;;;;1;1;;;;;;;;;;;;;;;;;;1;;;;;;;;;;1;;;;;;;;;;;;;;;1;;;;;;1;1;;;1;;1;;;;;;1;1;1;;;1;;;1;;;;;;1;1;;;;;;1;;;1;;;;;;;;;1;;1;1;;;;;;;;1;;;;;1;;1;;;;;1;;;1;;1;1;;;;;;;;1;;;
JOR;;;;;1;;;;;1;1;;;1;1;1;;1;;1;;1;1;;1;1;;;1;1;;;;;;;1;;1;1;1;1;;;1;;;1;;;;;1;1;1;;;;1;1;1;;;;;1;1;;;1;;1;;1;;1;;;1;1;1;1;;;;;;1;;;1;;;;1;1;;1;;1;;;;;1;;;1;1;1;1;1;1;1;;;1;1;1;1;1;;;1;;1;;;1;1;;;;;;;1;;;;1;1;1;;;1;;1;;;;1;;;1;;1;;;;;;;;1;1;1;;;;;;;1;;;1;1;1;;;1;;1;;1;1;;;1;;;1;;;;;1;1;1;;;;1;1;1;;;1;;;;;;;;;;1;1;1;;;;1;;;;1;;;;;;1;1;;;1;1;1;;1;1;1;;1;;1;;;;;1;1;;;1
JPN;;1;1;;1;;;;;1;1;;1;1;1;1;1;1;1;1;;1;1;1;1;1;1;;1;1;1;;1;1;1;;1;;1;1;1;1;;;1;1;;1;;;;;1;1;1;;;;1;1;1;;;;;1;1;;;1;;1;;1;1;1;;1;1;1;1;1;;;1;;1;1;;;1;;1;;1;1;;1;;1;;;;;1;;;1;1;1;1;1;1;1;1;1;;1;1;1;1;1;1;1;;1;;1;1;1;;;;;;;1;;;1;1;1;1;1;;1;;1;1;1;;1;;;1;1;1;;;1;;;1;1;1;1;1;;;1;;1;1;1;;;1;1;1;;;1;;1;1;1;1;1;1;1;;;1;1;;;;1;1;1;1;;;1;1;1;;;1;;;;;;;;;1;1;1;1;;;;1;;1;;1;1;;;1;1;1;1;;;1;1;1;;1;1;1;;1;;1;1;;;1;1;1;1;1;1
KAZ;;1;1;;1;;;;;1;1;;;1;1;1;;1;;;;1;;;1;1;;;1;1;;;;;;;1;;;1;;;;;1;;;;;;;;;1;1;;;;1;1;1;;;;;1;1;;;1;;1;;1;;1;;;1;1;1;1;;;;;1;1;;;;;;;1;;;1;;1;;;;;1;;;1;1;1;1;;1;1;;1;1;;1;1;1;;;1;;;;;1;;;;;;;;1;;;;1;1;1;;;1;;1;;;;1;;;1;;;;;;;;;;;;1;;;;;;;;;;1;1;1;;;1;;1;;1;1;;;1;;;1;;;;;1;1;1;;;;;1;1;;;;;;;;;;;;;1;1;1;;;;1;;;;1;1;;;;;1;1;;;;1;1;;;1;1;;1;;1;;;;;;1;1;;
KEN;;;1;;;;;;;1;;;;1;1;;1;1;1;1;;1;1;;1;1;;;;1;;;;1;;;1;;1;1;1;1;;;1;1;;1;;;;;1;1;1;;;;1;1;1;;;;;1;1;;;1;;1;;1;1;1;;;1;1;;1;;;;;;1;;;1;;;;1;;;1;;1;;;;;1;;;1;1;1;1;1;1;1;1;1;1;1;;;1;;;1;;1;;;1;1;;;;;;;1;;;1;1;1;1;;;1;;;1;;;1;;;;;1;;;;;;1;;1;1;1;;;1;;1;;1;;;1;1;1;;;1;;1;;1;1;;;1;;;1;;;;;1;1;1;1;;;1;1;1;;;1;;;;;;;;;;1;1;1;;;;1;;1;;1;;;;;;1;1;;;1;1;1;;1;1;;;1;;1;;;;;1;1;1;1;1
KGZ;;;;;;;;;;1;1;;;1;1;1;;1;;;;1;;;1;1;;;;;;;;;;;1;;1;1;;;;;1;;;;;;;;;1;1;;;;1;;;;;;;;;;;1;;;;1;;1;;;;1;1;;;;;;;1;;;;;;;1;;;1;;1;;;;;1;;;1;1;1;1;;1;1;;1;1;1;;;;;;1;;;;;1;;;;;;;;1;;;;1;1;1;;;;;1;;;;1;;;;;;;;;;;;;1;;1;;;;;;;;;;1;;1;;;;;1;;;1;;;1;;;1;;;;;;1;1;;;;;;1;;;;;;;;;;;;;;1;1;;;;1;;;;1;1;;;;;1;1;;;;;1;;;1;1;;;;;;;;;;1;;;
KHM;;;;;;;;;;1;;;;1;1;;;1;;1;;1;1;;;;;;;1;;;;;;;1;;1;1;;;;;1;;;1;;;;;;1;1;;;;1;;;;;;;;1;;;1;;1;;1;;1;;;;1;1;;;;;;;1;;;1;;;;1;;;1;;1;;;;;1;;;1;1;1;;1;1;1;;1;1;1;1;;;;;1;;;;1;1;;;;;;;;1;;;;;1;1;;;1;;;;;;1;;;;;;;;;;;1;;1;;1;;;;;;1;;;;1;1;;;;;;1;;1;1;;;1;;;1;1;;;;;1;1;;;;;1;1;;;1;;;;;;;;;;1;1;1;;;;;;;1;1;;;;;;;1;;;;;1;;1;1;;;;;1;;;;;;1;;;1
KIR;;;;;;;;;;;;;;1;;;;;;;;;;;;;;;;;;;;;;;;;;1;;;;;;;;;;;;;;;1;;;;;;;;;;;;;;;;;;;;1;;;;;1;;;;;;;;;;;;;;;1;;;;;;;;;;;;;;;;;;;;;;1;;;;;;;;;;;;;;;;;;;;;;;;;;;;;;;;;;;;;;;;;;;;;;;;;;;;;;;;;;;;;;;;;;;;;;1;;;;;;;;;;;;;;;;;;;;;;;;;;;;;;;;;;;;;;;;;;;;;;;;;;;;;;;;;1;;;;;1;;;;;;;;;
KNA;;;;;;;;;;;;;1;;;;;;;;;;;;;;;;;;1;;;;;;;;;;;;;;;;;;;;;;;;1;;;1;;1;;;;;;;;;;;;;;;;1;;;;1;;;;;;;;;;;;;1;;;;;;;;;;;;;;;;;;;;;;1;;1;;;;;;;;;;;;;;;;;;;;;;;;;;;;;;;;;;;;;;;;;;;;;;;;;;;;;;;;;;;;;;;;;;;;;;;;;;;;;;;;;;;;;;;;;;;;;;;;;;;;;1;;;;;;;;;;;;;;;;1;;;;;;;;;;1;;1;;;;;;;;;;;;
KOR;1;;1;;1;;;;;1;1;;;1;1;1;;1;1;1;;1;1;1;1;1;1;;1;1;1;;1;1;1;;1;;1;1;1;1;;;1;;1;1;;;;;1;1;1;;;;1;1;1;;;;;1;1;;;1;;1;;1;1;1;;1;1;1;1;1;;;1;;1;1;;;1;;1;;1;1;;1;;1;;;;;1;;;1;1;1;1;1;1;1;1;1;1;1;1;1;1;;;;;1;;1;1;1;;;;;;;1;;;;1;1;1;1;;1;;1;1;1;;1;;;1;1;1;;;;;;1;1;1;1;1;;;1;;1;1;1;;;1;1;1;;;1;;1;1;1;1;1;1;1;;;1;1;;;;1;1;1;1;;;1;1;1;;;1;;;;;;;;;1;1;1;1;;;;1;;1;1;1;1;;;1;1;1;1;;;1;1;1;;1;1;1;;1;;1;1;;;1;1;1;1;1;1
KSV;;;;;;;;;;;;;;;;;;;;;;;;;;;;;;;;;;;;;;;;;;;;;;;;;;;;;;;;;;;;;;;;;;;;;;;;;;;;;;;;;;;;;;;;;;;;;;;;;;;;;;;;;;;;;;;;;;;;;;;;;;;;;;;;;;;;;;;;;;;;;;;;;;;;;;;;;;;;;;;;;;;;;;;;;;;;;;;;;;;;;;;;;;;;;;;;;;;;;;;;;;;;;;;;;;;;;;;;;;;;;;;;;;;;;;;;;;;;;;;;;;;;;;;;;;;;;;;;;;
KWT;;;;;1;;;;;1;;;;1;1;;;1;;;;1;1;;1;;;;;1;;;;;;;1;;;1;1;1;;;;1;;;;;;;1;1;1;;;;1;;1;;;;;;1;;;1;;1;;1;1;1;;;;1;1;1;;;;;;1;;;;;;;1;;;1;;1;;;;;1;;;1;1;;;;;1;;1;1;;1;;;;;1;;;;;1;;;;;;;;1;;;;;;;;;1;;;1;;;;;;;;1;;;;;;;;1;;1;;;;;;;;;;1;1;1;;;1;;1;;;1;;;1;;;1;;;;;1;1;1;;;;1;1;1;;;;;;;;;;;;;1;;1;;;;1;;;;1;;;;;;1;1;;;1;;1;;;1;;;;;1;;;;;1;;;;1
LAC;;;;;;;;;;;;;;;;;;;;;;;;;;;;;;;;;;;;;;;;;;;;;;;;;;;;;;;;;;;;;;;;;;;;;;;;;;;;;;;;;;;;;;;;;;;;;;;;;;;;;;;;;;;;;;;;;;;;;;;;;;;;;;;;;;;;;;;;;;;;;;;;;;;;;;;;;;;;;;;;;;;;;;;;;;;;;;;;;;;;;;;;;;;;;;;;;;;;;;;;;;;;;;;;;;;;;;;;;;;;;;;;;;;;;;;;;;;;;;;;;;;;;;;;;;;;;;;;;;
LAO;;;;;;;;;;1;;;;1;1;;;1;;;;1;;;;1;;;;1;;;;;;;1;;1;1;;;;;1;;;;;;;;;1;1;;;;1;;;;;;;;;;;1;;;;1;;1;;;;1;;;;;;;;1;;;;;;;1;;;;;1;;;;;1;;;1;1;;;1;1;1;;;1;;;;1;;;1;;;;;1;;;;;;;;1;;;;;1;1;;;1;;;;;;1;;;;;;;;;;;;;;;1;;;;;;;;;;1;;1;;;;;1;;1;1;;;1;;;1;;;;;;1;1;;;;;1;1;;;;;;;;;;;;;;1;1;;;;;;;;1;;;;;;;1;;;;;1;;;1;;;;;1;;;;;;1;;;
LBN;;;1;;1;;;;;1;1;;;1;1;1;;1;1;1;;1;1;;1;1;;;1;1;;;;1;1;;1;;1;1;1;1;;;1;;;1;;;;;1;1;1;;;;1;1;1;;;;;1;1;;;1;;1;;1;;1;;;1;1;1;1;;;1;;1;1;;;1;;1;;1;1;;1;;1;;;;;1;;;1;1;1;1;1;;1;;1;1;1;1;1;1;;;1;;1;;1;;1;;;;;;;1;;;;1;1;1;1;;1;;1;1;1;;1;;;1;1;1;;;;;;1;1;1;1;1;;;1;;1;1;1;;;1;1;1;;;1;;1;;1;1;;;1;;;1;1;;;;1;1;1;;;;1;1;1;;;1;;;;;;;;;1;1;1;1;;;;1;;1;1;1;1;;;;;1;1;;;1;1;1;;1;1;1;;1;;1;;;;;1;1;1;1;1
LBR;;;;;;;;;;1;1;;;1;1;;;1;1;1;;1;;;1;;;;;1;;;;;;;1;;1;1;1;1;;;1;;;;;;;;1;1;1;;;;1;1;1;;;;;;1;;;1;;1;;1;;1;;;;1;;1;;;1;;;1;;;;;;;1;1;;1;;;;;;;1;;;1;1;;;;1;1;;1;1;;1;;;;;1;;;;;1;;;;;;;;;;;;;1;1;;;1;;;;;;1;;;1;;1;;;;;;;;;1;1;;;1;;;1;;;;1;1;1;;;;;1;;1;1;;;1;;;1;;;;;;1;1;;;;;1;1;;;;;;;;;;;;;;1;1;;;;;;;1;1;;;;;;1;1;;;1;1;1;;1;1;;;;;1;;;;;1;1;;1;
LBY;;;;;;;;;;;;;;;;;;;;;;;;;;;;;;;;;;;;;;;;;;;;;;;;;;;;;;;;;;;;;;;;;;;;;;;;;;;;;;;;;;;;;;;;;;;;;;;;;;;;;;;;;;;;;;;;;;;;;;;;;;;;;;;;;;;;;;;;;;;;;;;;;;;;;;;;;;;;;;;;;;;;;;;;;;;;;;;;;;;;;;;;;;;;;;;;;;;;;;;;;;;;;;;;;;;;;;;;;;;;;;;;;;;;;;;;;;;;;;;;;;;;;;;;;;;;;;;;;;
LCA;;;;;;;;;;;;;;;;;;;;;;;;;;;;;;;;;;;;;;;;;;;;;;;;;;;;;;;;;;;;;;;;;;;;;;;;;;;;;;;;;;;;;;;;;;;;;;;;;;;;;;;;;;;;;;;;;;;;;;;;;;;;;;;;;;;;;;;;;;;;;;;;;;;;;;;;;;;;;;;;;;;;;;;;;;;;;;;;;;;;;;;;;;;;;;;;;;;;;;;;;;;;;;;;;;;;;;;;;;;;;;;;;;;;;;;;;;;;;;;;;;;;;;;;;;;;;;;;;;
LCN;;;;;;;;;;;;;;;;;;;;;;;;;;;;;;;;;;;;;;;;;;;;;;;;;;;;;;;;;;;;;;;;;;;;;;;;;;;;;;;;;;;;;;;;;;;;;;;;;;;;;;;;;;;;;;;;;;;;;;;;;;;;;;;;;;;;;;;;;;;;;;;;;;;;;;;;;;;;;;;;;;;;;;;;;;;;;;;;;;;;;;;;;;;;;;;;;;;;;;;;;;;;;;;;;;;;;;;;;;;;;;;;;;;;;;;;;;;;;;;;;;;;;;;;;;;;;;;;;;
LDC;;;;;;;;;;;;;;;;;;;;;;;;;;;;;;;;;;;;;;;;;;;;;;;;;;;;;;;;;;;;;;;;;;;;;;;;;;;;;;;;;;;;;;;;;;;;;;;;;;;;;;;;;;;;;;;;;;;;;;;;;;;;;;;;;;;;;;;;;;;;;;;;;;;;;;;;;;;;;;;;;;;;;;;;;;;;;;;;;;;;;;;;;;;;;;;;;;;;;;;;;;;;;;;;;;;;;;;;;;;;;;;;;;;;;;;;;;;;;;;;;;;;;;;;;;;;;;;;;;
LIC;;;;;;;;;;;;;;;;;;;;;;;;;;;;;;;;;;;;;;;;;;;;;;;;;;;;;;;;;;;;;;;;;;;;;;;;;;;;;;;;;;;;;;;;;;;;;;;;;;;;;;;;;;;;;;;;;;;;;;;;;;;;;;;;;;;;;;;;;;;;;;;;;;;;;;;;;;;;;;;;;;;;;;;;;;;;;;;;;;;;;;;;;;;;;;;;;;;;;;;;;;;;;;;;;;;;;;;;;;;;;;;;;;;;;;;;;;;;;;;;;;;;;;;;;;;;;;;;;;
LIE;;;;;;;;;;;;;;;;;;;;;;;;;;;;;;;;;;;;;;;;;;;;;;;;;;;;;;;;;;;;;;;;;;;;;;;;;;;;;;;;;;;;;;;;;;;;;;;;;;;;;;;;;;;;;;;;;;;;;;;;;;;;;;;;;;;;;;;;;;;;;;;;;;;;;;;;;;;;;;;;;;;;;;;;;;;;;;;;;;;;;;;;;;;;;;;;;;;;;;;;;;;;;;;;;;;;;;;;;;;;;;;;;;;;;;;;;;;;;;;;;;;;;;;;;;;;;;;;;;
LKA;;;;;;;;;;1;1;;;1;1;;;1;;;;1;1;1;1;1;;;1;1;1;;;1;;;1;;1;1;1;1;;;1;;;1;;;;;1;1;1;;;;1;1;;;;;;1;1;;;1;;1;;1;1;1;;;1;1;1;1;;;;;;1;;;1;;1;;1;1;;1;;1;;;;;1;;;1;1;1;1;1;1;1;;1;1;1;1;1;1;;;1;;1;;1;1;;;;;;;;;;;;1;1;1;1;;1;;1;1;1;;1;;;1;;1;;;;;;1;;1;1;1;;;1;;1;1;1;;;1;1;1;;;1;;1;1;1;1;;1;1;;;1;1;;;;1;1;1;;;;;;1;;;1;;;;;;;;;;1;1;1;;;;1;;;;1;1;;;;1;1;1;;;1;1;1;;1;1;1;;1;;1;;;;;1;1;;;1
LMC;;;;;;;;;;;;;;;;;;;;;;;;;;;;;;;;;;;;;;;;;;;;;;;;;;;;;;;;;;;;;;;;;;;;;;;;;;;;;;;;;;;;;;;;;;;;;;;;;;;;;;;;;;;;;;;;;;;;;;;;;;;;;;;;;;;;;;;;;;;;;;;;;;;;;;;;;;;;;;;;;;;;;;;;;;;;;;;;;;;;;;;;;;;;;;;;;;;;;;;;;;;;;;;;;;;;;;;;;;;;;;;;;;;;;;;;;;;;;;;;;;;;;;;;;;;;;;;;;;
LMY;;;;;;;;;;;;;;;;;;;;;;;;;;;;;;;;;;;;;;;;;;;;;;;;;;;;;;;;;;;;;;;;;;;;;;;;;;;;;;;;;;;;;;;;;;;;;;;;;;;;;;;;;;;;;;;;;;;;;;;;;;;;;;;;;;;;;;;;;;;;;;;;;;;;;;;;;;;;;;;;;;;;;;;;;;;;;;;;;;;;;;;;;;;;;;;;;;;;;;;;;;;;;;;;;;;;;;;;;;;;;;;;;;;;;;;;;;;;;;;;;;;;;;;;;;;;;;;;;;
LSO;;;;;;;;;;;;;;1;;;;;;;;;;;;;;;;;;;;;;;1;;;1;;;;;;;;;;;;;;;1;;;;;;;;;;;;1;;;;;;;;;;;;;1;;;;;;;;;;;;;;;1;;;;;;;;;;;;;;1;;;;;;;;1;;1;;;;;;;;;;;;;;;;;;;;;;;;;;;;;;;;;1;;;;;;;;;;;1;;1;;1;;;;;;;;;;;;;;;;;;;;;;;;;;;;;;;;;1;;;;;;;;;;;;;;;;;;;;;;;;;;;;;;;;;;;;;;;;;;;;1;;;;;;;;;;;;;;1
LTU;;;;;1;;;;;1;1;;;1;1;1;;1;;;;1;;;1;1;;;1;1;1;;;;;;1;;1;1;1;1;;;1;;;;;;;;1;1;1;;;;1;;;;;;;1;1;;;1;;1;;1;;1;1;;;1;1;1;;;;;;1;;;;;;;1;;;1;;1;;;;;1;;;1;1;;;1;1;1;;1;1;1;1;1;;;;1;;;;;1;;;;;;;;1;;;;;1;1;;;1;;1;;;;1;;;1;;1;;;;;;1;;;;1;;;;;;1;;;;1;1;1;;;1;;1;;1;1;;;1;;;1;1;;;;1;1;1;;;;;;1;;;;;;;;;;;;;1;1;1;;;;1;;;;1;1;;;;;1;1;;;1;;1;;1;1;1;;1;;1;;;;;;1;1;;
LUX;1;;1;;1;;;;;1;1;;;1;1;1;;1;1;1;;1;1;;1;1;;;1;1;1;;;;;;1;;1;1;;1;;;1;;;1;;;;;;1;1;;;;1;1;1;;;;;1;1;;;1;;;;1;;1;1;;1;1;1;1;;;;;;1;;;1;;;;1;1;;1;;1;;;;;1;;;1;1;1;1;1;1;1;1;1;1;1;1;1;1;;;1;;;;1;1;1;;;;;;;1;;;;1;;1;;;1;;1;1;;;1;;;1;;1;;;1;;;1;;1;1;1;;;1;;1;;;;;1;1;1;;;1;;1;;1;1;;;1;;;1;1;;;;;1;1;1;;;;;1;;;;;;;;;;;;;1;1;1;;;;1;;1;;1;1;;;;1;1;1;;;1;1;1;;1;1;1;;;;1;;;;;;1;1;1;1
LVA;;1;;;1;;;;;1;1;;;1;1;1;;1;;;;1;;;1;1;;;1;1;;;;1;;;1;;1;1;1;1;;;1;;;1;;;;;1;1;1;;;;1;1;;;;;;1;1;;;1;;1;;1;;1;1;;;1;1;1;;;;;;1;;;1;;;;1;;;1;;1;;;;;1;;;1;1;1;;1;1;1;;1;1;1;1;1;1;;;1;;;;1;1;1;;;;;;;1;;;;1;1;;;;1;;1;;;;1;;;1;1;1;;;;;;1;;1;;1;;;1;;;1;1;;;1;1;1;;;1;;1;;1;1;;;1;;;1;1;;;;;1;1;;;;;;1;;;1;;;;;;;;;;1;1;1;;;;1;;;;1;1;;;;;1;1;;;1;;1;;1;1;1;;;;1;;;;;1;1;;;1
MAC;;;;;;;;;;1;;;;1;1;;;1;;;;;;;;;;;;1;;;;;;;1;;1;1;;;;;;;;;;;;;1;1;1;;;;1;;;;;;;;;;;1;;;;1;;1;;;;1;;;;;;;;1;;;;;;;1;;;;;1;;;;;1;;;1;1;;;;1;1;;;1;;;;;;;1;;;;;1;;;;;;;;1;;;;;;;;;;;;;;;1;;;;;;;;;;;;;;;1;;;;;;;;;;1;;1;;;;;1;;1;1;;;1;;;1;1;;;;;1;1;;;;;;1;;;;;;;;;;;;;;;1;;;;;;;;1;;;;;;1;1;;;;;;;1;1;;;;;;;;;;;1;;;
MAF;;;;;;;;;;;;;;;;;;;;;;;;;;;;;;;;;;;;;;;;;;;;;;;;;;;;;;;;;;;;;;;;;;;;;;;;;;;;;;;;;;;;;;;;;;;;;;;;;;;;;;;;;;;;;;;;;;;;;;;;;;;;;;;;;;;;;;;;;;;;;;;;;;;;;;;;;;;;;;;;;;;;;;;;;;;;;;;;;;;;;;;;;;;;;;;;;;;;;;;;;;;;;;;;;;;;;;;;;;;;;;;;;;;;;;;;;;;;;;;;;;;;;;;;;;;;;;;;;;
MAR;;;1;;1;;;;;1;;;;1;1;1;;1;1;1;;1;1;;1;1;;;1;1;;;;1;1;;1;;1;1;1;1;;;1;;;1;;;;;1;1;1;;;;1;1;1;;;;;1;1;;;1;;1;;1;1;1;;;1;1;1;1;;;1;;1;1;;;1;;;;1;1;;1;;1;;;;;1;;;1;1;1;1;1;;1;;1;1;1;1;;1;;;1;;1;;1;1;1;;;;;;;1;;;;1;1;1;;;;;1;1;;;1;;;1;1;1;;;1;;;1;1;1;1;1;;;1;;1;1;1;;;1;;1;;;1;;1;;1;1;;;1;;;1;1;;;;1;1;1;;;;1;1;1;;;1;;;;;;;;;;1;1;1;;;;1;;1;1;1;1;;;;1;1;1;;;1;1;1;;1;1;1;;1;;1;;;;;1;1;1;1;1
MCO;;;;;;;;;;;;;;;;;;;;;;;;;;;;;;;;;;;;;;;;;;;;;;;;;;;;;;;;;;;;;;;;;;;;;;;;;;;;;;;;;;;;;;;;;;;;;;;;;;;;;;;;;;;;;;;;;;;;;;;;;;;;;;;;;;;;;;;;;;;;;;;;;;;;;;;;;;;;;;;;;;;;;;;;;;;;;;;;;;;;;;;;;;;;;;;;;;;;;;;;;;;;;;;;;;;;;;;;;;;;;;;;;;;;;;;;;;;;;;;;;;;;;;;;;;;;;;;;;;
MDA;;;;;1;;;;;1;1;;;1;1;1;;1;;;;1;;;1;1;;;;1;;;;1;;;1;;;1;;;;;1;;;;;;;;1;1;1;;;;1;;;;;;;1;1;;;1;;;;1;;1;;;;1;1;;;;;;;1;;;;;;;1;;;1;;1;;;;;1;;;1;1;1;1;;1;1;;1;1;1;;1;;;;1;;;;;1;;;;;;;;1;;;;1;1;1;;;1;;;;;;1;;;1;;;;;1;;;;;;;1;;;;;;;;;;1;;1;;;;;1;;;1;;;1;;;1;;;;;;1;1;;;;;;1;;;;;;;;;;;;;1;1;1;;;;1;;;;1;1;;;;;1;1;;;;;1;;1;1;1;;;;1;;;;;;1;;;
MDG;;;1;;;;;;;1;;;;1;1;;1;1;1;1;;1;;;;;;;;1;;;;;;;1;;1;1;1;1;;;;1;;1;;;;;1;1;1;;;;1;1;1;;;;;;1;;;1;;1;;1;;1;;;1;1;;;;;;;;1;;;;;;;1;;;1;;1;;;;;1;;;1;1;;;1;1;1;;;1;;1;;;;;1;;1;;;1;;;;;;;;1;;;;;1;;;;1;;;;;;1;;;;;1;;;;;;1;;1;1;1;;;;;1;;;;;1;;1;;;;;1;;1;1;;;1;;;1;;;;;;1;1;1;;;1;1;1;;;;;;;;;;;;;1;1;1;;;;1;;;;1;;;;;;1;1;;;1;;1;;1;1;;;;;1;;;;;;1;1;1;1
MDV;;;;;;;;;;;;;;1;1;;;1;;;;;;;;;;;;;;;;;;;1;;;1;;;;;;;;;;;;;;1;1;;;;1;;;;;;;;;;;1;;;;;;1;;;;1;;;;;;;;1;;;;;;;1;;;;;;;;;;;;;1;1;1;;;;1;;;1;;;;;;;1;;;;;1;;;;;;;;1;;;;;;;;;;;;;;;;;;;;1;;;;;;;;1;;1;;;;;;;;;;;;;;;1;;;;;;;;1;;;;;;;;;;1;;;;;;1;;;;;;;;;;;;;;;1;;;;;;;;1;;;;;;1;;;;;;;;;1;;;;;;;;;;;1;;;
MEA;;;;;;;;;;;;;;;;;;;;;;;;;;;;;;;;;;;;;;;;;;;;;;;;;;;;;;;;;;;;;;;;;;;;;;;;;;;;;;;;;;;;;;;;;;;;;;;;;;;;;;;;;;;;;;;;;;;;;;;;;;;;;;;;;;;;;;;;;;;;;;;;;;;;;;;;;;;;;;;;;;;;;;;;;;;;;;;;;;;;;;;;;;;;;;;;;;;;;;;;;;;;;;;;;;;;;;;;;;;;;;;;;;;;;;;;;;;;;;;;;;;;;;;;;;;;;;;;;;
MEX;1;;1;;1;;;;;1;1;;;1;1;1;;1;;1;;1;1;;1;1;1;;1;1;1;;;1;;;1;;1;1;1;1;;;1;;;1;;;;;1;1;1;;;;1;1;1;;;;;1;1;;;1;;1;;1;1;1;;1;1;1;1;1;;;;;1;1;;;1;;1;;1;1;;1;;1;;;;;1;;;1;1;1;1;1;1;1;1;1;1;1;1;1;1;;;1;;;;1;1;1;;;;;;;1;;;1;1;1;1;1;;1;;1;1;;;;;;1;1;1;;;1;;;1;;1;1;1;;;1;;1;1;1;;;1;1;1;;;1;;1;1;1;1;;;1;;;1;1;;;;1;1;1;;;;1;1;1;;;1;;;;;;;;;1;1;1;1;;;;1;;1;;1;1;;;;1;1;1;;;1;1;1;;1;1;1;;1;;1;;;;;;1;1;1;1
MHL;;;;;;;;;;;;;;;;;;;;;;;;;;;;;;;;;;;;;;;;;;;;;;;;;;;;;;;;;;;;;;;;;;;;;;;;;;;;;;;;;;;;;;;;;;;;;;;;;;;;;;;;;;;;;;;;;;;;;;;;;;;;;;;;;;;;;;;;;;;;;;;;;;;;;;;;;;;;;;;;;;;;;;;;;;;;;;;;;;;;;;;;;;;;;;;;;;;;;;;;;;;;;;;;;;;;;;;;;;;;;;;;;;;;;;;;;;;;;;;;;;;;;;;;;;;;;;;;;;
MIC;;;;;;;;;;;;;;;;;;;;;;;;;;;;;;;;;;;;;;;;;;;;;;;;;;;;;;;;;;;;;;;;;;;;;;;;;;;;;;;;;;;;;;;;;;;;;;;;;;;;;;;;;;;;;;;;;;;;;;;;;;;;;;;;;;;;;;;;;;;;;;;;;;;;;;;;;;;;;;;;;;;;;;;;;;;;;;;;;;;;;;;;;;;;;;;;;;;;;;;;;;;;;;;;;;;;;;;;;;;;;;;;;;;;;;;;;;;;;;;;;;;;;;;;;;;;;;;;;;
MKD;;;;;1;;;;;1;1;;;1;1;;;1;;;;1;;;1;1;;;;1;;;;;;;1;;1;1;;;;;1;;;;;;;;1;1;1;;;;1;;1;;;;;1;1;;;1;;;;1;;1;;;;1;1;;;;;;;1;;;;;;;1;;;1;;1;;;;;1;;;1;1;1;1;1;1;1;;1;1;1;;;;;;1;;;;;1;1;;;;;;;1;;;;1;1;1;;;1;;1;;;;1;;;;;1;;;1;;;;;1;;1;;;;;;;;;;1;;1;;;;;;;;1;;;1;;;1;;;;;1;1;1;;;;;;1;;;;;;;;;;;;;1;1;1;;;;1;;;;1;1;;;;;;1;;;;;1;;1;1;;;;;1;;;;;;1;;;
MLI;;;1;;;;;;;;;;;1;1;;;1;1;1;;1;;;;;;;;1;;;;;;;1;;;1;1;1;;;;;;;;;;;;1;1;;;;1;;1;;;;;;1;;;1;;;;1;;1;;;;1;;1;;;1;;;1;;;;;;;1;;;;;1;;;;;1;;;1;1;;;;;1;;;1;;;;;;;1;;;;;1;;;;;;;;;;;;;;1;;;1;;;;;;1;;;;;;;;;;;;1;1;;1;;;;;1;1;;;;1;;;;;;;1;;;1;;;1;;;1;;;;;;;1;1;;;;1;1;;;;;;;;;;;;;;;1;;;;1;;1;1;1;;;;;;1;1;;;1;;;;;1;;;;;1;;;;;;1;;;
MLT;;;1;;1;;;;;1;1;;;1;1;1;;1;;;;1;1;;1;;;;;1;;;;1;;;1;;1;1;1;1;;;1;;;;;;;;1;1;1;;;;1;1;1;;;;;1;1;;;1;;;;1;;1;;;1;1;;1;;;;;;1;;;;;;;1;;;1;;1;;;;;1;;;1;1;;1;1;1;1;;1;1;;1;;;;;1;;1;;;1;1;;;;;;;1;;;;1;1;1;;;1;;;1;1;;1;;;1;;;;;1;;;;;1;;1;;;;;;1;;;;1;1;1;;;1;;1;;1;1;;;1;;;1;;;;;;1;1;;;;;1;1;;;;;;;;;;;;;1;1;1;;;;1;;;;1;;;;;;1;1;;;1;1;1;;;1;;;;;1;;;;;;1;1;;
MMR;;;;;;;;;;;;;;;;;;;;;;;;;;;;;;;;;;;;;;;;;;;;;;;;;;;;;;;;;;;;;;;;;;;;;;;;;;;;;;;;;;;;;;;;;;;;;;;;;;;;;;;;;;;;;;;;;;;;;;;;;;;;;;;;;;;;;;;;;;;;;;;;;;;;;;;;;;;;;;;;;;;;;;;;;;;;;;;;;;;;;;;;;;;;;;;;;;;;;;;;;;;;;;;;;;;;;;;;;;;;;;;;;;;;;;;;;;;;;;;;;;;;;;;;;;;;;;;;;;
MNA;;;;;;;;;;;;;;;;;;;;;;;;;;;;;;;;;;;;;;;;;;;;;;;;;;;;;;;;;;;;;;;;;;;;;;;;;;;;;;;;;;;;;;;;;;;;;;;;;;;;;;;;;;;;;;;;;;;;;;;;;;;;;;;;;;;;;;;;;;;;;;;;;;;;;;;;;;;;;;;;;;;;;;;;;;;;;;;;;;;;;;;;;;;;;;;;;;;;;;;;;;;;;;;;;;;;;;;;;;;;;;;;;;;;;;;;;;;;;;;;;;;;;;;;;;;;;;;;;;
MNE;;;;;1;;;;;;;;;1;1;;;1;;;;1;;;1;;;;;1;;;;;;;1;;;1;;;;;;;;;;;;;1;1;1;;;;1;;;;;;;;1;;;1;;;;1;;1;;;;1;;;;;;;;1;;;;;;;;;;1;;1;;;;;;;;;1;;;1;1;1;;;1;;;;;;;;;;;;;;;;;;;;;;;;;1;;;;1;;1;;;;1;;;1;;1;;;;;;;;;;1;;;;;;;;;;1;;1;;;;;;;1;;;;1;;;1;;;;;;1;1;;;;;1;;;;;;;;;;;;;;1;1;1;;;;;;;;1;;;;;;;1;;;;;1;;;1;;;;;;;;;;;;;;
MNG;;;;;;;;;;;;;;;;;;;;;;;;;;;;;;;;;;;;;;;;;;;;;;;;;;;;;;;;;;;;;;;;;;;;;;;;;;;;;;;;;;;;;;;;;;;;;;;;;;;;;;;;;;;;;;;;;;;;;;;;;;;;;;;;;;;;;;;;;;;;;;;;;;;;;;;;;;;;;;;;;;;;;;;;;;;;;;;;;;;;;;;;;;;;;;;;;;;;;;;;;;;;;;;;;;;;;;;;;;;;;;;;;;;;;;;;;;;;;;;;;;;;;;;;;;;;;;;;;;
MNP;;;;;;;;;;;;;;;;;;;;;;;;;;;;;;;;;;;;;;;;;;;;;;;;;;;;;;;;;;;;;;;;;;;;;;;;;;;;;;;;;;;;;;;;;;;;;;;;;;;;;;;;;;;;;;;;;;;;;;;;;;;;;;;;;;;;;;;;;;;;;;;;;;;;;;;;;;;;;;;;;;;;;;;;;;;;;;;;;;;;;;;;;;;;;;;;;;;;;;;;;;;;;;;;;;;;;;;;;;;;;;;;;;;;;;;;;;;;;;;;;;;;;;;;;;;;;;;;;;
MOZ;;;1;;;;;;;1;;;;1;1;;;1;1;;;1;1;;;1;;;1;1;;;;1;;;1;;;1;1;;;;1;;1;1;;;;;1;1;1;;;;1;1;;;;;;;1;;;1;;1;;1;;1;;;1;1;;1;;;;;;1;;;1;;;;1;;;1;;1;;;;;1;;;1;1;1;;;1;1;;;1;;1;;1;;;1;;;;;1;;;;;;;;1;;;1;1;1;1;;;1;;;1;;;1;;;;;;;;;;;;;1;1;1;;;1;;;;;;;1;;1;;;;;1;;;1;;;1;;;1;;;;;1;1;1;;;;1;;1;;;;;;;;;;;;;1;;1;;;;;;1;;1;;;;;;1;1;;;1;1;1;;1;1;;;;;1;;;;;;1;1;1;1
MRT;;;;;;;;;;;;;;1;;;;;1;;;;;;;;;;;;;;;;;;1;;1;1;1;;;;;;;;;;;;;;1;;;;1;;1;;;;;;1;;;1;;;;;;1;;;;1;;1;;;;;1;1;;;;;;;;;;;;;;;;;;;;1;;;;;;1;;;1;;;;;;;1;;;;;1;;;;;;;;;;;;;;;;;1;;;;;;;;;;1;;;;;;;;;;;;;;;;;1;;;;;;;;;;;1;;;;;;;;;1;;;;;;;1;;;;;1;1;;;;;;;;;;;;;;;1;;;;;;;;1;;;;;;1;1;;;;;;;;1;;;;;;;;;;;;;;
MUS;;;1;;;;;;;1;;;;1;1;;;1;1;1;;1;1;;;1;;;;1;1;;;1;;;1;;1;1;1;1;;;;1;;;;;;;1;1;1;;;;1;;;;;;;1;1;;;1;;1;;1;1;1;;;;1;;1;;;;;;1;;;;;1;;1;;;1;;1;;;;;1;;;1;1;1;;1;1;1;;1;1;;1;1;1;;;1;;1;;;1;;;;;;;;1;;;1;;1;1;;;1;;;1;1;;1;;;1;1;1;;;;;;1;;;1;1;;;1;;;;;;;1;1;1;;;1;;1;;1;1;;;1;;;1;;;;;1;1;1;;;;;1;1;;;;;;;;;;;;;1;1;1;;;;;;1;1;1;;;;;1;1;1;;;1;1;1;;1;1;;;;;1;;;;;;1;;1;1
MWI;;;1;;;;;;;1;;;;1;1;;1;1;;;;1;;;;;;;;1;;;;1;;;1;;;1;1;;;;1;;;1;;;;;;1;1;;;;1;1;;;;;;;1;;;1;;1;;1;;1;;;1;1;;1;;;;;;1;;;;;;;1;;;;;1;;;;;1;;;1;1;1;;1;1;1;;1;1;;1;;;;;1;;;;;1;1;;;;;;;1;;;;;1;;;;1;;;1;;;1;;;;;;;;;;;1;;1;;1;;;1;;;1;;;;1;;1;;;;;1;;;1;;;1;;;1;1;;;;1;1;1;1;;;;1;1;;;;;;;;;;;;;;;1;;;;;;;;1;;;;;;1;1;;;1;1;1;;;1;;;;;;;;;;;1;1;1;1
MYS;;;1;;1;;;;;1;1;;;1;1;1;;1;1;1;;1;1;;1;1;;;1;1;1;;1;1;1;;1;;1;1;1;1;;;1;1;;1;;;;;1;1;1;;;;1;1;1;;;;;1;1;;;1;;1;;1;1;1;1;1;1;1;1;1;;;;;1;1;;;1;;1;;1;1;;1;;1;;;;;1;;;1;1;1;1;1;;1;1;1;1;1;1;1;1;;;1;;1;;1;1;1;;;;;;;1;;;1;1;1;1;1;;1;;1;1;1;;1;;;1;1;1;;;1;;;1;;1;1;;;;1;;1;1;1;;;1;1;1;;;1;;1;1;1;1;1;1;1;;;1;1;;;;1;1;1;;;;1;1;1;;;1;;;;;;;;;;1;1;1;;;;1;;1;1;1;1;;;;1;1;1;;;1;1;1;;1;1;1;;1;;1;1;;;1;1;1;1;1;1
MYT;;;;;;;;;;;;;;;;;;;;;;;;;;;;;;;;;;;;;;;;;;;;;;;;;;;;;;;;;;;;;;;;;;;;;;;;;;;;;;;;;;;;;;;;;;;;;;;;;;;;;;;;;;;;;;;;;;;;;;;;;;;;;;;;;;;;;;;;;;;;;;;;;;;;;;;;;;;;;;;;;;;;;;;;;;;;;;;;;;;;;;;;;;;;;;;;;;;;;;;;;;;;;;;;;;;;;;;;;;;;;;;;;;;;;;;;;;;;;;;;;;;;;;;;;;;;;;;;;;
NAC;;;;;;;;;;;;;;;;;;;;;;;;;;;;;;;;;;;;;;;;;;;;;;;;;;;;;;;;;;;;;;;;;;;;;;;;;;;;;;;;;;;;;;;;;;;;;;;;;;;;;;;;;;;;;;;;;;;;;;;;;;;;;;;;;;;;;;;;;;;;;;;;;;;;;;;;;;;;;;;;;;;;;;;;;;;;;;;;;;;;;;;;;;;;;;;;;;;;;;;;;;;;;;;;;;;;;;;;;;;;;;;;;;;;;;;;;;;;;;;;;;;;;;;;;;;;;;;;;;
NAM;;;1;;;;;;;1;;;;1;1;;;1;;;;1;;;;;;;;1;1;;;1;;;1;;1;1;;1;;;1;;;;;;;;;1;1;;;;1;;;;;;;;1;;;1;;1;;1;1;1;;;;1;;1;;;;;;1;;;;;;;1;;;1;;1;;;;;1;;;1;1;1;;1;1;1;;;1;;1;;;;;1;;;;;1;1;;;;;;;1;;;;;1;1;;;1;;;;;;1;;;;;;;;;;;1;;1;1;1;;;;;1;1;;;;1;;;;;;;1;;;1;;;1;;;1;;;;;;1;1;1;;;;1;1;;;;;;;;;;;;;;1;1;;;;;;;;1;;;;;;1;1;;;1;1;1;;1;1;;;;;1;;;;;;1;1;1;1
NCL;;;;;;;;;;;;;;;;;;;;;;;;;;;;;;;;;;;;;;;;;;;;;;;;;;;;;;;;;;;;;;;;;;;;;;;;;;;;;;;;;;;;;;;;;;;;;;;;;;;;;;;;;;;;;;;;;;;;;;;;;;;;;;;;;;;;;;;;;;;;;;;;;;;;;;;;;;;;;;;;;;;;;;;;;;;;;;;;;;;;;;;;;;;;;;;;;;;;;;;;;;;;;;;;;;;;;;;;;;;;;;;;;;;;;;;;;;;;;;;;;;;;;;;;;;;;;;;;;;
NER;;;1;;;;;;;1;;;;1;1;;;1;1;1;;1;;;;;;;;1;;;;;;;1;;;1;1;1;;;1;;;;;;;;;1;1;;;;1;;1;;;;;;1;;;1;;1;;1;;1;;;1;1;;1;;;;;1;1;;;;;;;;;;;;1;;;;;1;;;1;1;;;;1;1;;;1;;1;;;;;1;;;;;1;;;;;;;;1;;;;;1;;;;1;;;1;;;1;;;;1;;;;;;;;;;;1;;;1;;;1;;;;1;;1;;;;;1;;;1;;;1;;;1;;;;;;;1;1;;;1;1;;;;;;;;;;;;;;1;;1;;;;;;1;1;1;;;;;;1;1;;;1;;;;;1;;;;;;;;;;;1;1;;
NGA;;;1;;1;;;;;1;;;;1;1;;;1;;1;;1;1;1;;;;;1;1;1;;;1;1;;1;;1;1;1;1;;;1;;;1;;;;;1;;1;;;;1;1;1;;;;;1;1;;;1;;1;;1;;1;1;;1;1;1;1;;;1;;1;1;;;;;;;1;;;1;;1;;;;;1;;;1;1;;;1;1;1;1;;1;;;;1;;;1;;;;;1;1;;;;;;;1;;;;1;;1;;;1;;;;;;1;;;;1;1;;;;;;;1;;1;1;;;1;;1;;;;;1;;1;;;1;;1;1;1;1;1;;1;;;1;;;;;1;1;1;;;;1;1;1;;;;;;;;;;;;;1;1;1;;;;1;;1;1;1;;;;;1;1;1;;;1;1;1;;1;1;1;;1;;1;;;;;;1;1;1;1
NIC;1;;;;;;;;;1;;;;1;1;;;1;;;;1;;;;;;;1;1;1;;;;;;1;;1;1;;;;;1;;;1;;;;;1;1;1;;;;1;1;;;;;;1;1;;;1;;;;1;;1;;;;1;;;;;;;;1;;;1;;;;1;1;;;;;;;;;1;;;1;1;;;1;1;1;1;1;1;;1;;;;;1;;;;;1;;;;;;;;1;;;;;;1;;;1;;;;;;1;;;;;;;;;;;;;;;1;;;;;;;;;;1;;1;;;;;;1;1;1;;;1;;;1;1;;;;;1;1;;;;;;1;;;1;;;;;;;;;;;;1;;;;;;;;1;;;;;1;;1;;;;;1;;1;1;;;1;;1;;;;;;1;1;;
NLD;;;;;;;;;;;;;;;;;;;;;;;;;;;;;;;;;;;;;;;;;;;;;;;;;;;;;;;;;;;;;;;;;;;;;;;;;;;;;;;;;;;;;;;;;;;;;;;;;;;;;;;;;;;;;;;;;;;;;;;;;;;;;;;;;;;;;;;;;;;;;;;;;;;;;;;;;;;;;;;;;;;;;;;;;;;;;;;;;;;;;;;;;;;;;;;;;;;;;;;;;;;;;;;;;;;;;;;;;;;;;;;;;;;;;;;;;;;;;;;;;;;;;;;;;;;;;;;;;;
NOC;;;;;;;;;;;;;;;;;;;;;;;;;;;;;;;;;;;;;;;;;;;;;;;;;;;;;;;;;;;;;;;;;;;;;;;;;;;;;;;;;;;;;;;;;;;;;;;;;;;;;;;;;;;;;;;;;;;;;;;;;;;;;;;;;;;;;;;;;;;;;;;;;;;;;;;;;;;;;;;;;;;;;;;;;;;;;;;;;;;;;;;;;;;;;;;;;;;;;;;;;;;;;;;;;;;;;;;;;;;;;;;;;;;;;;;;;;;;;;;;;;;;;;;;;;;;;;;;;;
NOR;1;;1;;1;;;;;1;1;;;1;1;1;1;1;;;;1;1;;1;1;;;1;1;1;;1;1;;;1;;1;1;1;1;;;1;;1;1;;;;;1;1;1;;;;1;1;1;;;;;1;1;;;1;;1;;1;1;1;1;;1;1;1;1;;;1;;1;1;;;1;;1;;1;1;;1;;1;;;;;1;;;1;1;1;1;1;1;1;1;1;1;1;1;1;1;;;1;;1;;1;1;1;;;;;;;1;;;;1;1;1;1;;1;;1;1;;;1;;;1;1;1;;;1;;;1;;1;1;1;;;1;;1;1;1;;;;1;1;;;1;;1;1;1;1;;1;1;;;1;1;;;;1;1;1;1;;;1;1;1;;;1;;;;;;;;;1;1;1;1;;;;1;;1;1;1;1;;;;1;1;1;;;1;1;1;;1;1;1;;1;;1;;;;;1;1;1;1;1
NPL;;;;;;;;;;1;;;;1;1;;;1;;;;1;1;;;;;;;1;;;1;;;;1;;1;1;;;;;;;;;;;;;1;1;1;;;;1;;;;;;;;1;;;1;;;;1;;1;;;;1;1;1;;;;;;1;;;1;;;;1;;;1;;1;;;;;1;;;1;1;1;1;;1;1;;1;1;1;1;;1;;;1;;1;;;1;1;;;;;;;1;;;;1;1;1;;;;;;;;;1;;;;;1;;;;;;;;1;;1;;;;;;;;;;1;;1;;;1;;1;;1;1;;;1;;;1;;;;;1;1;1;;;;;;1;;;;;;;;;;;;;1;1;1;;;;;;;;1;;;;;;;1;;;;;1;;;1;;;;;;;;;;;1;;;
NZL;;;1;;;;;;;1;;;;1;1;1;;1;;;;1;1;;1;1;;;1;1;1;;1;1;;;1;;1;1;1;1;;;1;;;1;;;;;1;1;1;;;;1;1;;;;;;1;1;;;1;;1;;1;1;1;1;;1;1;;1;;;;;;1;;;1;;1;;1;1;;1;;1;;;;;1;;;1;1;;1;1;1;1;1;1;1;1;1;1;;;;1;;1;;1;1;1;;;;;;;1;;;;1;1;1;1;;1;;1;1;;;1;;;1;;1;;;1;;;1;;1;1;1;;;;;1;1;1;;;1;1;;;;1;;1;;1;1;;;1;;;1;1;;;;1;1;1;;;;1;;1;;;1;;;;;;;;;;1;1;1;;;;1;;1;;1;1;;;1;1;1;1;;;1;1;1;;1;1;1;;1;;1;1;;;1;1;1;1;1;1
OEC;;;;;;;;;;;;;;;;;;;;;;;;;;;;;;;;;;;;;;;;;;;;;;;;;;;;;;;;;;;;;;;;;;;;;;;;;;;;;;;;;;;;;;;;;;;;;;;;;;;;;;;;;;;;;;;;;;;;;;;;;;;;;;;;;;;;;;;;;;;;;;;;;;;;;;;;;;;;;;;;;;;;;;;;;;;;;;;;;;;;;;;;;;;;;;;;;;;;;;;;;;;;;;;;;;;;;;;;;;;;;;;;;;;;;;;;;;;;;;;;;;;;;;;;;;;;;;;;;;
OED;;;;;;;;;;;;;;;;;;;;;;;;;;;;;;;;;;;;;;;;;;;;;;;;;;;;;;;;;;;;;;;;;;;;;;;;;;;;;;;;;;;;;;;;;;;;;;;;;;;;;;;;;;;;;;;;;;;;;;;;;;;;;;;;;;;;;;;;;;;;;;;;;;;;;;;;;;;;;;;;;;;;;;;;;;;;;;;;;;;;;;;;;;;;;;;;;;;;;;;;;;;;;;;;;;;;;;;;;;;;;;;;;;;;;;;;;;;;;;;;;;;;;;;;;;;;;;;;;;
OMN;;;;;;;;;;1;;;;1;1;1;1;1;;;;1;1;;;1;;;;1;;;;;;;1;;1;1;1;1;;;1;;;1;;;;;1;1;1;;;;1;1;1;;;;;1;1;;;1;;1;;1;;1;;;1;1;1;1;;;;;;1;;;;;;;1;;;1;;1;;;;;1;;;1;1;1;;1;;1;;1;1;1;1;;;;;1;;1;;;1;;;;;;;;1;;;;1;1;1;;;1;;;;1;;1;;;;;1;;;;;;;;1;;1;;;;;;1;;;;1;1;1;;;;;1;;1;1;;;1;;;1;1;;;;1;1;1;;;;1;1;1;;;;;;;;;;;;;;1;1;;;;1;;;;1;;;;;;1;1;;;1;1;1;;1;1;;;;;1;;;;;1;1;;1;1
OSS;;;;;;;;;;;;;;;;;;;;;;;;;;;;;;;;;;;;;;;;;;;;;;;;;;;;;;;;;;;;;;;;;;;;;;;;;;;;;;;;;;;;;;;;;;;;;;;;;;;;;;;;;;;;;;;;;;;;;;;;;;;;;;;;;;;;;;;;;;;;;;;;;;;;;;;;;;;;;;;;;;;;;;;;;;;;;;;;;;;;;;;;;;;;;;;;;;;;;;;;;;;;;;;;;;;;;;;;;;;;;;;;;;;;;;;;;;;;;;;;;;;;;;;;;;;;;;;;;;
PAK;1;1;1;;;;;;;1;1;;;1;1;1;;1;1;1;;1;1;;1;1;;;;1;1;;;1;1;;1;;1;1;1;1;;;1;1;;1;;;;;1;1;1;;;;1;1;1;;;;;1;1;;;1;;1;;1;1;1;;1;1;1;1;1;;;1;;1;1;;;1;;1;;1;1;;1;;1;;;;;1;;;1;1;1;1;1;;1;;1;1;1;1;1;1;;;1;;1;;1;1;1;;;;;;;1;;;;1;1;1;1;;1;;1;1;;;1;;;;1;1;;;;;;1;1;1;1;1;;;1;;1;1;;;;1;1;1;;;1;;;;1;1;1;1;1;;;1;1;;;;1;1;1;1;;;1;1;1;;;1;;;;;;;;;1;1;1;1;;;;1;;1;1;1;1;;;;1;1;1;;;1;1;1;;1;1;1;;1;;1;;;;;1;1;1;1;1
PAN;1;;;;1;;;;;1;;;;1;;;;1;;;;;;1;;;1;;1;1;1;;;;;;1;;1;1;1;;;;1;;;1;;;;;;;1;;;;1;1;;;;;;1;;;;1;;;;;;1;;;;1;;1;;;;;;1;;;1;;1;;1;1;;;;;;;;;1;;;1;1;;;;;1;1;;1;;;;;;;1;;;;;;;;;;;;;1;;;;;;;;;;;;;;;1;;;;;;;;;;;;;;;1;;;;;;1;1;;;1;;;;;;;;;1;;;;1;;;1;1;;;;;;1;;;;;;;;;1;;;;;;;;;1;;1;1;;;;;;;;1;;;;;1;1;1;;;;;;;1;1;;;1;;1;;;;;;1;;;
PER;1;;1;;;;;;;1;;;;1;1;1;;1;1;;;1;1;;;1;;;1;1;1;;;;;;1;;1;1;1;;;;1;;;1;;;;;;1;1;;;;1;1;;;;;;1;1;;;1;;1;;1;1;1;1;;;1;1;1;;;;;;1;;;1;;1;;1;1;;1;;1;;;;;1;;;1;1;1;1;1;1;1;1;1;1;1;1;;1;;;1;;;;1;1;1;;;;;;;1;;;;1;1;1;1;;1;;;1;;;1;;;;;1;;;1;;;;;1;;1;;;;;;1;1;;;1;1;1;;;1;;1;1;;1;;;1;;;1;1;;;;1;1;1;;;;;1;1;;;1;;;;;;;;;1;1;1;1;;;;1;;;;1;;;;;1;1;1;;;1;1;1;;1;1;1;;1;;1;;;;;;1;1;1;
PHL;1;;1;;;;;;;1;1;;;1;1;1;;1;;;;1;1;;1;1;;;1;1;1;;;1;;;1;;1;1;1;1;;;1;;;1;;;;;1;1;1;;;;1;1;1;;;;;1;1;;;1;;1;;1;1;1;;1;1;1;1;1;;;;;;1;;;1;;1;;1;1;;1;;1;;;;;1;;;1;1;1;1;1;1;1;1;1;1;1;1;1;1;1;;1;;1;;1;1;1;;;;;;;1;;;;1;1;1;1;;1;;1;1;;;1;;;1;1;1;;;;;;1;;1;1;1;;;1;;1;1;1;;;1;1;1;;;1;;1;;1;;1;1;1;;;1;1;;;;1;1;1;;;;1;1;1;;;1;;;;;;;;;1;1;1;1;;;;1;;;;1;;;;1;1;1;1;;;1;1;1;;1;1;1;;1;;1;1;;;;1;1;;1;1
PLW;;;;;;;;;;;;;;1;1;;;1;;;;;;;;;;;;1;;;;;;;;;;1;;;;;;;;;;;;;;1;1;;;;;;;;;;;;;;;;;;;;1;1;;;;;;;;;;;;;;;;;;;;;;;;;;;;;1;;;1;;;;;;;;;1;;;;;;;1;;;;;;;;;;;;;;;;;;;;;;;;;;;;;;;;;;;;;;;;;;;1;;;;;;1;;;;;;;;;;;1;;;1;;;;;;;;;;;;;;;;;1;;;;;;;;;;;;;;;;;;;;;;;;;1;;;;;;;;;;;;;;;1;;;;;;;;;;;;;;
PNG;;;;;;;;;;;;;;1;1;;;;;;;;;;;;;;;1;;;;;;;1;;;;;;;;1;;;;;;;;;;1;;;;1;;;;;;;;;;;1;;;;1;1;1;;1;;1;;;;;;;;;;;;;;;1;;;;;;;;;;1;;;1;1;;;;;1;;;1;;;;;;;1;;;;;;;;;;;;;1;;;;;;;;;;;;;;;;;;;;;;;;;;;;;;1;;;;;;;;;;1;;;;;;;1;;;1;;;;;;1;;;;;;;1;;;;;;1;;;;;;;;;;;;;;;1;;;;;;;;1;;;;1;;;;;;;;;;;1;;;;;1;;;;1;;1;;;
POL;;1;1;;1;;;;;1;1;;;1;1;1;;1;;1;;1;1;;1;1;;;1;1;1;;;1;1;;1;;1;1;1;1;;;1;;;1;;;;;1;1;1;;;;1;1;1;;;;;1;1;;;1;;1;;1;1;1;1;;1;1;1;1;;;;;1;1;;;1;;1;;1;1;;1;;1;;;;;1;;;1;1;1;1;1;1;1;1;1;1;1;1;1;1;;;1;;1;;1;1;1;;;;;;;1;;;;1;1;1;1;;1;;1;1;1;;1;;;1;1;1;;;1;;;1;;1;1;1;;;1;;1;1;1;;;1;1;1;;;1;;1;1;1;1;;;;;;1;1;;;;1;1;1;;;;1;1;1;;;1;;;;;;;;;1;1;1;1;;;;1;;1;1;1;1;;;;1;1;1;;;1;1;1;;1;1;1;;1;;1;;;;;1;1;1;1;1
PRI;;;;;;;;;;;;;;;;;;;;;;;;;;;;;;;;;;;;;;;;;;;;;;;;;;;;;;;;;;;;;;;;;;;;;;;;;;;;;;;;;;;;;;;;;;;;;;;;;;;;;;;;;;;;;;;;;;;;;;;;;;;;;;;;;;;;;;;;;;;;;;;;;;;;;;;;;;;;;;;;;;;;;;;;;;;;;;;;;;;;;;;;;;;;;;;;;;;;;;;;;;;;;;;;;;;;;;;;;;;;;;;;;;;;;;;;;;;;;;;;;;;;;;;;;;;;;;;;;;
PRK;;;;;;;;;;;;;;;;;;;;;;;;;;;;;;;;;;;;;;;;;;;;;;;;;;;;;;;;;;;;;;;;;;;;;;;;;;;;;;;;;;;;;;;;;;;;;;;;;;;;;;;;;;;;;;;;;;;;;;;;;;;;;;;;;;;;;;;;;;;;;;;;;;;;;;;;;;;;;;;;;;;;;;;;;;;;;;;;;;;;;;;;;;;;;;;;;;;;;;;;;;;;;;;;;;;;;;;;;;;;;;;;;;;;;;;;;;;;;;;;;;;;;;;;;;;;;;;;;;
PRT;1;;1;;1;;;;;1;1;;;1;1;1;;1;1;;;1;1;;1;1;1;;1;1;1;;;1;1;;1;;1;1;1;1;;;1;;1;1;;;;;1;1;1;;;;1;1;1;;;;;1;1;;;1;;1;;1;1;1;1;;1;1;1;1;;;1;;1;1;;;1;;1;;1;1;;1;;1;;;;;1;;;1;1;1;1;1;1;1;1;1;1;1;1;1;1;;;1;;1;;1;1;1;;;;;;;1;;;;1;1;1;1;;1;;1;1;;;1;;;1;1;1;;;1;;;1;1;1;1;1;;;1;;1;1;1;;;1;1;1;;;1;;1;1;1;1;;1;1;;;;1;;;;1;1;1;1;;;1;1;1;;;1;;;;;;;;;1;1;1;1;;;;1;;1;1;1;1;;;;1;1;1;;;1;1;1;;1;1;1;;1;;1;;;;;1;1;1;1;1
PRY;1;;;;;;;;;1;;;;1;1;;;1;;;;1;;;;;;;1;1;;;;;;;1;;1;1;;;;;1;;;1;;;;;;1;1;;;;1;1;;;;;;1;1;;;1;;;;1;;1;;;;1;;1;;;;;;1;;;1;;;;1;1;;1;;1;;;;;1;;;1;1;1;;1;1;1;;;1;;;;1;;;1;;;;;1;;;;;;;;1;;;;1;1;1;1;;1;;;;;;1;;;;;;;;;;;;;;1;1;;;;;;;1;;;1;;1;;;1;;1;1;1;1;;;1;;;1;;;;;;1;1;;;;;1;1;;;1;;;;;;;;;;1;1;1;;;;1;;;;1;;;;;1;1;1;;;;;1;;1;1;;;1;;1;;;;;;1;;;
PSE;;;;;;;;;;;;;;;;;;;;;;;;;;;;;;;;;;;;;;;;;;;;;;;;;;;;;;;;;;;;;;;;;;;;;;;;;;;;;;;;;;;;;;;;;;;;;;;;;;;;;;;;;;;;;;;;;;;;;;;;;;;;;;;;;;;;;;;;;;;;;;;;;;;;;;;;;;;;;;;;;;;;;;;;;;;;;;;;;;;;;;;;;;;;;;;;;;;;;;;;;;;;;;;;;;;;;;;;;;;;;;;;;;;;;;;;;;;;;;;;;;;;;;;;;;;;;;;;;;
PSS;;;;;;;;;;;;;;;;;;;;;;;;;;;;;;;;;;;;;;;;;;;;;;;;;;;;;;;;;;;;;;;;;;;;;;;;;;;;;;;;;;;;;;;;;;;;;;;;;;;;;;;;;;;;;;;;;;;;;;;;;;;;;;;;;;;;;;;;;;;;;;;;;;;;;;;;;;;;;;;;;;;;;;;;;;;;;;;;;;;;;;;;;;;;;;;;;;;;;;;;;;;;;;;;;;;;;;;;;;;;;;;;;;;;;;;;;;;;;;;;;;;;;;;;;;;;;;;;;;
PYF;;;;;;;;;;;;;;;;;;;;;;;;;;;;;;;;;;;;;;;;;;;;;;;;;;;;;;;;;;;;;;;;;;;;;;;;;;;;;;;;;;;;;;;;;;;;;;;;;;;;;;;;;;;;;;;;;;;;;;;;;;;;;;;;;;;;;;;;;;;;;;;;;;;;;;;;;;;;;;;;;;;;;;;;;;;;;;;;;;;;;;;;;;;;;;;;;;;;;;;;;;;;;;;;;;;;;;;;;;;;;;;;;;;;;;;;;;;;;;;;;;;;;;;;;;;;;;;;;;
QAT;;;;;;;;;;1;;;;1;1;1;;1;;;;;1;;;;;;;1;;;;;;;1;;1;1;1;1;;;1;;;1;;;;;1;1;1;;;;1;;1;;;;;1;1;;;1;;1;;1;;1;;;1;1;;1;;;;;;1;;;;;;;1;;;1;;1;;;;;1;;;1;1;1;1;;;1;;1;1;1;1;;;;;1;;1;;;1;;;;;;;;1;;;;1;;;;;1;;;;;;1;;;1;;;;;;;;1;;1;1;1;;;;;;1;;;;1;1;1;;;1;;1;;1;1;;;1;;;1;;;;;;;1;;;;1;1;1;;;;;;;;;;;;;;1;1;;;;1;;;;1;;;;;;1;1;;;1;1;1;;1;1;;;;;1;;;;;1;1;1;;1
ROM;;;1;;1;;;;;1;1;;;1;1;1;1;1;;1;;1;1;;1;1;;;1;1;1;;;1;;;1;;1;1;1;1;;;1;;;1;;;;;1;1;1;;;;1;1;1;;;;;1;1;;;1;;1;;1;;1;1;;1;1;1;1;;;;;;1;;;1;;;;1;1;;1;;1;;;;;1;;;1;1;1;1;1;1;1;1;1;1;1;1;1;1;;;1;;1;;1;1;1;;;;;;;1;;;;1;1;1;1;;1;;1;1;;;1;;;1;;1;;;1;;;1;;1;1;1;;;1;;;1;1;;;1;1;1;;;1;;1;;1;1;;;1;;;1;1;;;;;;1;;;;1;1;1;;;1;;;;;;;;;;1;1;1;;;;1;;;;1;;;;;;1;1;;;1;1;1;;1;1;1;;1;;1;;;;;;1;1;1;1
RUS;;1;1;;1;;;;;1;1;;;1;1;1;1;1;;;;1;1;;1;;;;1;1;1;;;1;;;1;;1;1;1;1;;;1;;;1;;;;;1;1;1;;;;1;1;1;;;;;1;1;;;1;;1;;1;;1;1;;1;1;1;1;;;1;;;1;;;1;;1;;1;1;;1;;1;;;;;1;;;1;1;1;1;1;1;1;1;1;1;1;1;1;1;;;1;;1;;1;1;1;;;;;;;1;;;1;1;1;1;1;;1;;1;1;1;;1;;;1;1;1;;;1;;;1;1;1;1;1;;;1;;1;1;1;;;1;1;1;;;1;;1;1;1;1;;1;1;;;1;1;;;;1;1;;1;;;1;1;1;;;1;;;;;;;;;1;1;1;1;;;;1;;1;1;1;1;;;;;1;1;;;1;1;1;;1;1;1;;1;;1;;;;;1;1;1;1;1
RWA;;;1;;;;;;;;;;;1;1;;1;1;;1;;;;;;;;;;1;;;;;;;1;;;1;1;1;;;;;;;;;;;;1;1;;;;1;;;;;;;;1;;;1;;1;;1;;1;;;;1;;1;;;;;;1;;;;;;;1;;;;;;;;;;1;;;1;;;;;1;1;;;1;;1;;;;;1;;;;;;;;;;;;;;;;;;1;;;;;;;1;;;;;;;1;;;;;;;;;;1;;;;1;;1;;;;;1;;;;;;;1;;;;;;;;;1;;;;;;;1;;;;1;1;;;;;;;;;;;;;;1;;1;;;;;;1;1;1;;;;;;1;;;;1;1;1;;;1;;;;;1;;;;;;1;1;1;1
SAS;;;;;;;;;;;;;;;;;;;;;;;;;;;;;;;;;;;;;;;;;;;;;;;;;;;;;;;;;;;;;;;;;;;;;;;;;;;;;;;;;;;;;;;;;;;;;;;;;;;;;;;;;;;;;;;;;;;;;;;;;;;;;;;;;;;;;;;;;;;;;;;;;;;;;;;;;;;;;;;;;;;;;;;;;;;;;;;;;;;;;;;;;;;;;;;;;;;;;;;;;;;;;;;;;;;;;;;;;;;;;;;;;;;;;;;;;;;;;;;;;;;;;;;;;;;;;;;;;;
SAU;;;;;;;;;;;;;;;;;;;;;;;;;;;;;;;;;;;;;;;;;;;;;;;;;;;;;;;;;;;;;;;;;;;;;;;;;;;;;;;;;;;;;;;;;;;;;;;;;;;;;;;;;;;;;;;;;;;;;;;;;;;;;;;;;;;;;;;;;;;;;;;;;;;;;;;;;;;;;;;;;;;;;;;;;;;;;;;;;;;;;;;;;;;;;;;;;;;;;;;;;;;;;;;;;;;;;;;;;;;;;;;;;;;;;;;;;;;;;;;;;;;;;;;;;;;;;;;;;;
SDN;;;;;;;;;;1;;;;1;1;;;1;;;;1;1;;;;;;;1;;;;;1;;1;;;1;1;1;;;;;;;;;;;;;1;;;;1;;1;;;;;1;1;;;1;;1;;1;;1;;;;1;;;;;;;;1;;;1;;;;1;;;;;1;;;;;1;;;1;1;;1;;;1;;1;1;;1;;;;;1;;1;;;1;;;;;;;;;;;;;;;;;1;;;1;;;1;;;;;;;;;;;1;;;;1;;;;;1;1;;;;1;;1;;;1;;1;;;1;1;;1;;;1;;;;;1;1;1;1;;;;1;1;;;;;;;;;;;;;;;1;;;;1;;;;1;1;;;;;1;1;;;1;1;1;;;1;1;;;;1;;;;;1;1;;;1
SEN;;;1;;1;;;;;1;;;;1;1;;1;1;1;1;;1;;;;;;;;1;;;;1;1;;1;;1;1;1;1;;;1;1;1;;;;;;1;1;1;;;;1;;1;;;;;;1;;;1;;1;;1;;1;;;1;1;;1;;;1;;1;1;;;;;;;1;1;;1;;1;;;;;1;;;1;1;1;;;1;1;;1;1;1;1;;1;;;1;;1;;1;1;1;;;;;;;;;;;;;;;;1;;;1;;;1;;;;1;1;;;1;;;;1;1;1;1;;;1;;1;1;;;;1;;;;;1;;1;;1;1;;;1;;;1;1;;;;1;1;1;1;;;1;;1;;;;;;;;;;;;;;;1;;;;1;;1;1;1;;;;;;1;1;;;1;1;1;;1;1;;;;;1;;;;;;1;1;1;1
SGP;;;1;;1;;;;;1;1;;;1;1;1;;1;1;;;1;1;1;;1;1;;1;1;1;;1;1;;;1;;1;1;1;1;;;1;1;;1;;;;;1;1;1;;;;1;1;1;;;;;1;1;;;1;;1;;1;1;1;;;1;1;1;1;;;;;1;1;;;1;;1;;1;1;;1;;1;;;;;1;;;1;1;1;;1;1;1;1;1;1;1;1;1;1;;;1;;1;;1;1;1;;;;;;;1;;;;1;1;1;1;;1;;1;1;1;;1;;;1;1;1;;;;;;1;1;1;1;1;;;1;;;1;1;;;1;1;1;;;1;;1;;1;1;;1;1;;;1;1;;;;1;1;1;;;;1;1;;;;1;;;;;;;;;1;1;1;1;;;;1;;1;1;1;1;;;;1;1;1;;;1;1;1;;1;1;1;;1;;1;1;;;1;1;1;1;1;1
SLB;;;;;;;;;;;;;;;;;;;;;;;;;;;;;;;;;;;;;;;;;;;;;;;;;;;;;;;;;;;;;;;;;;;;;;;;;;;;;;;;;;;;;;;;;;;;;;;;;;;;;;;;;;;;;;;;;;;;;;;;;;;;;;;;;;;;;;;;;;;;;;;;;;;;;;;;;;;;;;;;;;;;;;;;;;;;;;;;;;;;;;;;;;;;;;;;;;;;;;;;;;;;;;;;;;;;;;;;;;;;;;;;;;;;;;;;;;;;;;;;;;;;;;;;;;;;;;;;;;
SLE;;;;;;;;;;;;;;;;;;;;;;;;;;;;;;;;;;;;;;;;;;;;;;;;;;;;;;;;;;;;;;;;;;;;;;;;;;;;;;;;;;;;;;;;;;;;;;;;;;;;;;;;;;;;;;;;;;;;;;;;;;;;;;;;;;;;;;;;;;;;;;;;;;;;;;;;;;;;;;;;;;;;;;;;;;;;;;;;;;;;;;;;;;;;;;;;;;;;;;;;;;;;;;;;;;;;;;;;;;;;;;;;;;;;;;;;;;;;;;;;;;;;;;;;;;;;;;;;;;
SLV;;;1;;;;;;;1;;;;1;1;;;1;;;;1;;;;;1;;1;1;1;;;;;;1;;1;1;;;;;1;;;1;;;;;;1;1;;;;1;1;;;;;;1;1;;;1;;;;1;;1;;;;1;;;;;;;;1;;;1;;1;;1;1;;;;1;;;;;1;;;1;1;;1;1;1;1;1;1;1;;1;;1;;;1;;;;;1;;;;;;;;1;;;;;;1;;;1;;;;;;1;;;;;;;;;;;;;;;1;;;;;;;1;;;1;;1;;;;;1;1;1;1;;;1;;;1;1;;;;;1;1;;;;;;1;;;;;;;;;;;;1;1;1;1;;;;;;;;1;;;;;1;;1;;;1;;1;;1;1;;;1;;1;;;;;;1;;;
SMR;;;;;;;;;;;;;;;;;;;;;;;;;;;;;;;;;;;;;;;;;;;;;;;;;;;;;;;;;;;;;;;;;;;;;;;;;;;;;;;;;;;;;;;;;;;;;;;;;;;;;;;;;;;;;;;;;;;;;;;;;;;;;;;;;;;;;;;;;;;;;;;;;;;;;;;;;;;;;;;;;;;;;;;;;;;;;;;;;;;;;;;;;;;;;;;;;;;;;;;;;;;;;;;;;;;;;;;;;;;;;;;;;;;;;;;;;;;;;;;;;;;;;;;;;;;;;;;;;;
SOM;;;;;;;;;;;;;;;;;;;;;;;;;;;;;;;;;;;;;;;;;;;;;;;;;;;;;;;;;;;;;;;;;;;;;;;;;;;;;;;;;;;;;;;;;;;;;;;;;;;;;;;;;;;;;;;;;;;;;;;;;;;;;;;;;;;;;;;;;;;;;;;;;;;;;;;;;;;;;;;;;;;;;;;;;;;;;;;;;;;;;;;;;;;;;;;;;;;;;;;;;;;;;;;;;;;;;;;;;;;;;;;;;;;;;;;;;;;;;;;;;;;;;;;;;;;;;;;;;;
SRB;;;;;;;;;;;;;;;;;;;;;;;;;;;;;;;;;;;;;;;;;;;;;;;;;;;;;;;;;;;;;;;;;;;;;;;;;;;;;;;;;;;;;;;;;;;;;;;;;;;;;;;;;;;;;;;;;;;;;;;;;;;;;;;;;;;;;;;;;;;;;;;;;;;;;;;;;;;;;;;;;;;;;;;;;;;;;;;;;;;;;;;;;;;;;;;;;;;;;;;;;;;;;;;;;;;;;;;;;;;;;;;;;;;;;;;;;;;;;;;;;;;;;;;;;;;;;;;;;;
SSA;;;;;;;;;;;;;;;;;;;;;;;;;;;;;;;;;;;;;;;;;;;;;;;;;;;;;;;;;;;;;;;;;;;;;;;;;;;;;;;;;;;;;;;;;;;;;;;;;;;;;;;;;;;;;;;;;;;;;;;;;;;;;;;;;;;;;;;;;;;;;;;;;;;;;;;;;;;;;;;;;;;;;;;;;;;;;;;;;;;;;;;;;;;;;;;;;;;;;;;;;;;;;;;;;;;;;;;;;;;;;;;;;;;;;;;;;;;;;;;;;;;;;;;;;;;;;;;;;;
SSD;;;;;;;;;;;;;;;;;;;;;;;;;;;;;;;;;;;;;;;;;;;;;;;;;;;;;;;;;;;;;;;;;;;;;;;;;;;;;;;;;;;;;;;;;;;;;;;;;;;;;;;;;;;;;;;;;;;;;;;;;;;;;;;;;;;;;;;;;;;;;;;;;;;;;;;;;;;;;;;;;;;;;;;;;;;;;;;;;;;;;;;;;;;;;;;;;;;;;;;;;;;;;;;;;;;;;;;;;;;;;;;;;;;;;;;;;;;;;;;;;;;;;;;;;;;;;;;;;;
SSF;;;;;;;;;;;;;;;;;;;;;;;;;;;;;;;;;;;;;;;;;;;;;;;;;;;;;;;;;;;;;;;;;;;;;;;;;;;;;;;;;;;;;;;;;;;;;;;;;;;;;;;;;;;;;;;;;;;;;;;;;;;;;;;;;;;;;;;;;;;;;;;;;;;;;;;;;;;;;;;;;;;;;;;;;;;;;;;;;;;;;;;;;;;;;;;;;;;;;;;;;;;;;;;;;;;;;;;;;;;;;;;;;;;;;;;;;;;;;;;;;;;;;;;;;;;;;;;;;;
SST;;;;;;;;;;;;;;;;;;;;;;;;;;;;;;;;;;;;;;;;;;;;;;;;;;;;;;;;;;;;;;;;;;;;;;;;;;;;;;;;;;;;;;;;;;;;;;;;;;;;;;;;;;;;;;;;;;;;;;;;;;;;;;;;;;;;;;;;;;;;;;;;;;;;;;;;;;;;;;;;;;;;;;;;;;;;;;;;;;;;;;;;;;;;;;;;;;;;;;;;;;;;;;;;;;;;;;;;;;;;;;;;;;;;;;;;;;;;;;;;;;;;;;;;;;;;;;;;;;
STP;;;;;;;;;;;;;;;;;;;;;;;;;;;;;;;;;;;;;;;;;;;;;;;;;;;;;;;;;;;;;;;;;;;;;;;;;;;;;;;;;;;;;;;;;;;;;;;;;;;;;;;;;;;;;;;;;;;;;;;;;;;;;;;;;;;;;;;;;;;;;;;;;;;;;;;;;;;;;;;;;;;;;;;;;;;;;;;;;;;;;;;;;;;;;;;;;;;;;;;;;;;;;;;;;;;;;;;;;;;;;;;;;;;;;;;;;;;;;;;;;;;;;;;;;;;;;;;;;;
SUR;1;;;;;;;;;1;;;;1;1;;;1;;;;1;;;;;;;;1;1;;;;;;1;;;1;;;;;1;;;1;;;;;;1;1;;;1;1;1;;;;;;1;1;;;1;;;;1;;1;;;;1;;;;;;;;;;;1;;1;;1;1;;;;;;;;;1;;;1;1;;;;1;1;1;;1;;;;;;1;1;;;;;1;;;;;;;;;;;;;;;;;;;;;;;1;;;;;;;;;;;;;;;;;;;;;;;;;1;;;;;;;1;1;1;1;;;1;;;1;;;;;;;1;;;;;;1;;;1;;;;;;;;;;;;1;;;;;;;;1;;;;;1;;1;;;;;;;;1;;1;1;;1;;;;;;1;;;
SVK;1;1;1;;1;;;;;1;1;;;1;1;1;;1;;;;1;1;;1;1;;;;1;1;;;1;;;1;;1;1;1;;;;1;;;;;;;;1;1;1;;;;1;1;;;;;;1;;;;1;;1;;1;;1;;;;1;1;1;;;;;1;1;;;1;;;;1;1;;1;;1;;;;;1;;;1;1;;1;1;1;1;;1;1;1;1;;1;;;1;;1;;;1;;;;;;;;1;;;;1;1;1;;;1;;1;1;;;1;;;1;;1;;;1;;;1;;1;;1;;;;;1;1;;;;1;1;1;;;;;1;;1;1;;;1;;;1;1;;;;;1;1;1;;;;;1;;;1;;;;;;;;;;;1;1;;;;1;;1;;1;1;;;;;1;1;;;;;1;;1;1;1;;;;1;;;;;;1;1;1;
SVN;;;;;1;;;;;1;1;;;1;1;1;;1;;;;1;1;;1;1;;;1;1;1;;;;;;1;;1;1;1;1;;;1;;;1;;;;;1;1;1;;;;1;1;1;;;;;1;1;;;1;;1;;1;1;1;;;;1;1;1;;;;;;1;;;;;;;1;1;;1;;1;;;;;1;;;1;1;1;1;1;1;1;1;1;1;1;1;1;1;;;1;;;;1;1;1;;;;;;;1;;;;1;1;1;;;1;;1;1;;;1;;;1;;1;;;1;;;;;1;;1;;;1;;;1;;;;1;1;1;;;1;;1;1;1;1;;;1;;;1;1;;;;1;1;1;;;;;;1;;;1;;;;;;;;;;1;;1;;;;1;;;;1;1;;;;;1;1;;;1;1;1;;1;1;1;;;;1;;;;;;1;1;1;
SWE;1;;1;;1;;;;;1;1;;;1;1;1;1;1;;1;;1;1;;1;1;1;;1;1;1;;;1;1;;1;;1;1;1;1;;;1;;;1;;;;;1;1;1;;;;1;1;1;;;;;1;1;;;1;;1;;1;1;1;1;;1;1;1;1;;;1;;1;1;;;1;;1;;1;1;;1;;1;;;;;1;;;1;1;1;1;1;1;1;1;1;1;1;1;1;1;;;1;;1;;1;1;1;;;;;;;1;;;;1;1;1;1;;1;;1;1;1;;1;;;1;1;1;;;1;;;1;1;1;1;1;;;1;;1;1;1;;;1;1;1;;;1;;1;1;1;1;;1;1;;;1;1;;;;1;1;1;1;;;1;1;1;;;1;;;;;;;;;1;1;1;;;;;1;;1;1;1;1;;;;1;1;1;;;1;1;1;;1;1;1;1;1;;1;;;;;1;1;1;1;1
SWZ;;;;;;;;;;;;;;;;;;;;;;;;;;;;;;;;;;;;;;;;;;;;;;;;;;;;;;;;;;;;;;;;;;;;;;;;;;;;;;;;;;;;;;;;;;;;;;;;;;;;;;;;;;;;;;;;;;;;;;;;;;;;;;;;;;;;;;;;;;;;;;;;;;;;;;;;;;;;;;;;;;;;;;;;;;;;;;;;;;;;;;;;;;;;;;;;;;;;;;;;;;;;;;;;;;;;;;;;;;;;;;;;;;;;;;;;;;;;;;;;;;;;;;;;;;;;;;;;;;
SXM;;;;;;;;;;;;;;;;;;;;;;;;;;;;;;;;;;;;;;;;;;;;;;;;;;;;;;;;;;;;;;;;;;;;;;;;;;;;;;;;;;;;;;;;;;;;;;;;;;;;;;;;;;;;;;;;;;;;;;;;;;;;;;;;;;;;;;;;;;;;;;;;;;;;;;;;;;;;;;;;;;;;;;;;;;;;;;;;;;;;;;;;;;;;;;;;;;;;;;;;;;;;;;;;;;;;;;;;;;;;;;;;;;;;;;;;;;;;;;;;;;;;;;;;;;;;;;;;;;
SYC;;;;;;;;;;;;;;;;;;;;;;;;;;;;;;;;;;;;;;;;;;;;;;;;;;;;;;;;;;;;;;;;;;;;;;;;;;;;;;;;;;;;;;;;;;;;;;;;;;;;;;;;;;;;;;;;;;;;;;;;;;;;;;;;;;;;;;;;;;;;;;;;;;;;;;;;;;;;;;;;;;;;;;;;;;;;;;;;;;;;;;;;;;;;;;;;;;;;;;;;;;;;;;;;;;;;;;;;;;;;;;;;;;;;;;;;;;;;;;;;;;;;;;;;;;;;;;;;;;
SYR;;;;;1;;;;;1;1;;;1;1;1;;1;;1;;1;1;;1;1;;;1;1;1;;;;;;1;;1;1;1;1;;;1;;;1;;;;;1;1;1;;;;1;;1;;;;;1;1;;;1;;1;;1;;1;;;1;1;1;1;;;;;;1;;;1;;;;1;1;;1;;1;;;;;1;;;1;1;1;1;1;;1;;1;1;1;1;1;;;;1;;1;;;1;;;;;;;;1;;;;1;1;1;;;1;;1;1;;;1;;;1;1;1;;;;;;;;;;1;;;;;;1;;;;1;;1;;;1;;1;;1;1;;;1;;;1;1;;;;1;1;1;;;;1;1;1;;;;;;;;;;;;;1;1;1;;;;;;;;1;1;;;;;1;1;;;1;1;1;;;1;1;;1;;1;;;;;1;1;;;
TCA;;;;;;;;;;;;;;;;;;;;;;;;;;;;;;;;;;;;;;;;;;;;;;;;;;;;;;;;;;;;;;;;;;;;;;;;;;;;;;;;;;;;;;;;;;;;;;;;;;;;;;;;;;;;;;;;;;;;;;;;;;;;;;;;;;;;;;;;;;;;;;;;;;;;;;;;;;;;;;;;;;;;;;;;;;;;;;;;;;;;;;;;;;;;;;;;;;;;;;;;;;;;;;;;;;;;;;;;;;;;;;;;;;;;;;;;;;;;;;;;;;;;;;;;;;;;;;;;;;
TCD;;;;;;;;;;1;;;;1;1;;1;1;1;1;;;;;;;;;;1;;;;;1;;1;;;1;1;1;;;;;;;;;;;;1;1;;;;1;1;1;;;;;;1;;;1;;1;;1;;1;;;1;1;;1;;;;;;1;;;;;;;1;;;1;;;;;;;1;;;1;1;;;;1;1;;;1;;1;;;;;1;;;;;1;;;;;;;;;;;;;1;;;;1;;;;;;1;;;;1;;;;;;;1;;1;;1;;;;;1;1;;;;1;;1;;;;;1;;;;;;1;;;1;;;;;;;1;1;;;;1;1;;;;;;;;;;;;;1;;1;;;;;;;1;1;;;;;1;1;1;;;;1;1;;;1;;;;;;;;;;;1;;;1
TGO;;;1;;;;;;;;;;;1;;;;1;1;1;;;;;;;;;;1;;;;;1;;1;;;1;1;1;;;1;;;;;;;;;;1;;;;1;;1;;;;;;;;;1;;1;;;;1;;;1;1;;1;;;1;;1;1;;;;;;;1;;;;;;;;;;1;;;1;1;;;;1;1;;;;;;;1;;;1;;;;;1;1;;;;;;;;;;;;;;;;1;;;;;;;;;;1;;;;;;;;;1;;1;;;;;1;1;;;;1;;;;;;;1;;;;;;1;;;1;;;;;;;1;1;;;;1;1;;;;;;;;;;;;;;;1;;;;;;1;;1;;;;;;1;;;;;;;;;1;;;;;1;;;;;;1;1;;
THA;1;;1;;1;;;;;1;1;;;1;1;1;;1;1;;;1;1;1;1;1;;;1;1;1;;1;1;1;;1;;1;1;1;1;;;1;;;1;;;;;1;1;1;;;;1;1;1;;;;;1;1;;;1;;1;;1;1;1;1;1;1;1;1;1;;;1;;1;1;;;1;;1;;1;1;;1;;1;;;;;1;;;1;1;1;1;1;1;1;1;1;1;1;1;1;1;;;1;;1;;1;1;1;;;;;;;1;;;;1;1;1;1;;1;;1;1;1;;1;;;1;1;1;;;1;;;1;1;1;1;1;;;1;;1;1;1;;;1;1;1;;;1;;1;1;1;1;1;1;1;;;1;1;;;;1;1;1;1;;;1;1;1;;;1;;;;;;;;;1;1;1;1;;;;1;;1;1;;1;;;;1;1;1;;;1;1;1;;1;1;1;;1;;1;1;;;1;1;1;1;1;1
TJK;;1;;;1;;;;;1;1;;;1;1;1;;1;;;;1;;;1;1;;;;1;;;;;;;1;;1;1;;;;;1;;;;;;;;1;1;1;;;;1;;1;;;;;;1;;;1;;;;1;;1;;;;1;1;;;;;;;1;;;;;;;1;;;1;;1;;;;;1;;;1;1;1;;;1;1;;;1;1;;1;;;;1;;;;;1;;;;;;;;1;;;;1;1;1;;;1;;1;;;;1;;;1;;;;;;;;;;;;1;;;;;;;;;;1;;1;;;;;1;;;;;;1;;;1;;;;;;;1;;;;1;;1;;;;;;;;;;;;;1;1;1;;;;1;;;;1;;;;;;1;1;;;;;1;;;1;;;;;1;;;;;;1;;;
TKM;;;;;;;;;;;;;;;;;;;;;;;;;;;;;;;;;;;;;;;;;;;;;;;;;;;;;;;;;;;;;;;;;;;;;;;;;;;;;;;;;;;;;;;;;;;;;;;;;;;;;;;;;;;;;;;;;;;;;;;;;;;;;;;;;;;;;;;;;;;;;;;;;;;;;;;;;;;;;;;;;;;;;;;;;;;;;;;;;;;;;;;;;;;;;;;;;;;;;;;;;;;;;;;;;;;;;;;;;;;;;;;;;;;;;;;;;;;;;;;;;;;;;;;;;;;;;;;;;;
TMP;;;;;;;;;;;;;;;;;;;;;;;;;;;;;;;;;;;;;;;;;;;;;;;;;;;;;;;;;;;;;;;;;;;;;;;;;;;;;;;;;;;;;;;;;;;;;;;;;;;;;;;;;;;;;;;;;;;;;;;;;;;;;;;;;;;;;;;;;;;;;;;;;;;;;;;;;;;;;;;;;;;;;;;;;;;;;;;;;;;;;;;;;;;;;;;;;;;;;;;;;;;;;;;;;;;;;;;;;;;;;;;;;;;;;;;;;;;;;;;;;;;;;;;;;;;;;;;;;;
TON;;;;;;;;;;;;;;1;;;;;;;;;;;;;;;;;;;;;;;1;;;1;;;;;;;;;;;;;;;1;;;;;;;;;;;;;;;;;;;;1;;;;;1;;;;;;;;;;;;;;;1;;;;;;;;;;;;;1;;;;;;1;;;1;;;;;;;1;;;;;;;;;;;;;;;;;;;;;;;;;;;;;;;;;;;;;;;;;;;;;;;;;;;;;;;1;;;;;;;;1;;1;;;;;;;;;;;;;;;;;;;;;;;;;;;;;;;;;;;;;;;;;;;;;;;;;;;;;;;1;;;;;;;;;1;;;;;
TTO;1;;1;;;;;;;1;;;1;1;1;;;1;;;;;;;;;1;;1;1;1;;;1;;;1;;1;1;;;;;1;;;1;;;;;1;;1;;;1;1;1;;;;;;1;;;;1;;;;;;1;;;;1;;;;;;;;1;;;1;;1;;1;1;;1;;;;;;;1;;;1;1;;;;;1;1;;1;;;;;;1;1;;;;;;;;;;;;;1;;;;;1;;;;1;;;;;;1;;;;;;;;;;;;;1;;1;;;;;;1;1;;;1;;1;;;;;1;1;1;1;;;1;;;1;1;;;;;;;;;;;;1;;;1;;;;;;;;;1;;;1;;;;;;1;;1;;;;;;1;1;;;;;;;1;1;;1;1;;1;;;;;;1;;;
TUN;;;1;;1;;;;;1;;;;1;1;1;1;1;1;1;;1;1;;1;1;;;;1;1;;;;1;;1;;1;1;1;1;;;1;;;1;;;;;1;1;1;;;;1;1;1;;;;;1;1;;;1;;1;;1;;1;;;1;1;1;1;;;;;1;1;;;1;;;;1;;;1;;1;;;;;1;;;1;1;1;1;1;;1;;1;1;1;1;1;;;;1;;1;;;1;1;;;;;;;1;;;;1;1;1;1;;1;;1;1;1;;1;;;;1;1;;;;;;1;1;1;1;1;;;1;;1;1;;;;1;;1;;;1;;1;1;1;1;;;1;;;1;1;;;;1;1;1;1;;;1;1;1;;;;;;;;;;;;;1;1;1;;;;1;;1;1;1;1;;;;1;;1;;;1;1;1;;1;1;;;1;;1;;;;;1;1;1;1;1
TUR;1;1;1;;1;;;;;1;1;;;1;1;1;1;1;1;1;;1;1;;1;1;1;;1;1;1;;;1;1;;1;;1;1;1;1;;;1;;;1;;;;;;1;1;;;;1;1;1;;;;;1;1;;;1;;1;;1;1;1;;;1;1;1;1;;;1;;1;1;;;1;;1;;1;1;;1;;1;;;;;1;;;1;1;1;1;1;1;1;1;1;1;1;1;1;1;;;1;;1;;1;1;1;;;;;;;1;;;;1;1;1;1;;1;;1;1;;;1;;;1;1;1;;;1;;;1;1;1;1;1;;;1;;1;1;1;;;1;1;1;;;1;;1;1;1;1;;;1;;;1;1;;;;1;1;1;;;;1;1;1;;;1;;;;;;;;;1;1;1;1;;;;1;;1;;1;1;;;;1;1;;;;1;1;1;;1;1;1;;1;;1;;;;;1;1;1;1;1
TUV;;;;;;;;;;;;;;;;;;;;;;;;;;;;;;;;;;;;;;;;;;;;;;;;;;;;;;;;;;;;;;;;;;;;;;;;;;;;;;;;;;;;;;;;;;;;;;;;;;;;;;;;;;;;;;;;;;;;;;;;;;;;;;;;;;;;;;;;;;;;;;;;;;;;;;;;;;;;;;;;;;;;;;;;;;;;;;;;;;;;;;;;;;;;;;;;;;;;;;;;;;;;;;;;;;;;;;;;;;;;;;;;;;;;;;;;;;;;;;;;;;;;;;;;;;;;;;;;;;
TWN;;;;;;;;;;;;;;;;;;;;;;;;;;;;;;;;;;;;;;;;;;;;;;;;;;;;;;;;;;;;;;;;;;;;;;;;;;;;;;;;;;;;;;;;;;;;;;;;;;;;;;;;;;;;;;;;;;;;;;;;;;;;;;;;;;;;;;;;;;;;;;;;;;;;;;;;;;;;;;;;;;;;;;;;;;;;;;;;;;;;;;;;;;;;;;;;;;;;;;;;;;;;;;;;;;;;;;;;;;;;;;;;;;;;;;;;;;;;;;;;;;;;;;;;;;;;;;;;;;
TZA;;;1;;1;;;;;1;1;;;1;1;;1;1;1;1;;1;1;;;;;;;1;1;;;1;;;1;;1;1;1;1;;;1;1;;1;;;;;1;1;1;;;;1;;1;;;;;;1;;;1;;1;;1;;1;;;;1;;1;;;;;1;1;;;;;;;1;;;1;;1;;;;;1;;;1;1;1;1;;1;1;;1;1;;1;;;;;1;;1;;;1;1;;;;;;;1;;;;1;1;1;;;1;;;1;;;1;;;;1;1;;;;;;1;;1;1;1;;;1;;1;1;;;;1;;1;;;1;;1;;1;1;;;1;;;1;;;;;1;1;1;1;;;1;1;1;;;1;;;;;;;;;;;1;1;;;;1;;;;1;;;;;;1;1;;;;1;1;;;1;;;1;;1;;;;;1;1;1;1;1
UGA;;;1;;;;;;;1;;;;1;1;;1;1;;1;;1;1;;;;;;;1;;;;1;;;1;;1;1;1;1;;;;;;1;;;;;1;1;1;;;;1;1;1;;;;;1;1;;;1;;1;;1;;1;;;;1;1;1;;;;;;1;;;;;;;1;;;1;;1;;;;;1;;;1;1;1;1;;1;1;;1;1;1;1;;;;;1;;;;;1;1;;;;;;;1;;;;;1;;;;1;;;;;;1;;;;;1;;;;;;1;;1;1;1;;;1;;;1;;;;1;;1;;;1;;1;;1;1;;;1;;;1;;;;;1;1;1;1;;;1;1;1;;;;;;;;;;;;;;1;1;;;;1;;1;;1;;;;;;1;1;;;1;;1;;;1;;;;;1;;;;;1;1;1;1;1
UKR;;1;1;;1;;;;;1;1;;;1;1;1;1;1;;1;;1;1;;1;1;;;1;1;1;;;1;;;1;;1;1;1;;;;1;;;1;;;;;1;1;1;;;;1;1;1;;;;;1;1;;;1;;1;;1;;1;;;;1;1;1;;;;;1;1;;;1;;1;;1;1;;1;;1;;;;;1;;;1;1;1;1;1;1;1;1;1;1;1;1;1;1;;;1;;1;;1;1;1;;;;;;;1;;;;1;1;1;;;1;;1;1;;;1;;;1;;1;;;1;;;1;;1;1;1;;;1;;;1;1;;;1;1;1;;;1;;1;;1;1;;;1;;;1;1;;;;1;1;1;1;;;1;1;1;;;1;;;;;;;;;;1;1;1;;;;1;;1;;1;1;;;;;1;1;;;1;1;;;1;1;1;;1;;1;;;;;1;1;1;1;1
UMC;;;;;;;;;;;;;;;;;;;;;;;;;;;;;;;;;;;;;;;;;;;;;;;;;;;;;;;;;;;;;;;;;;;;;;;;;;;;;;;;;;;;;;;;;;;;;;;;;;;;;;;;;;;;;;;;;;;;;;;;;;;;;;;;;;;;;;;;;;;;;;;;;;;;;;;;;;;;;;;;;;;;;;;;;;;;;;;;;;;;;;;;;;;;;;;;;;;;;;;;;;;;;;;;;;;;;;;;;;;;;;;;;;;;;;;;;;;;;;;;;;;;;;;;;;;;;;;;;;
URY;1;;1;;1;;;;;1;1;;;1;1;;;1;;;;1;1;;1;1;;;1;1;1;;;;;;1;;1;1;1;;;;1;;;1;;;;;1;1;1;;;;1;1;1;;;;;1;1;;;1;;1;;1;1;1;;;;1;1;1;;;1;;;1;;;1;;1;;1;1;;1;;1;;;;;1;;;1;1;1;;;1;1;;1;1;;1;;1;;;1;;;;;1;1;;;;;;;1;;;;1;1;1;1;;1;;1;1;;;1;;;1;;;;;;;;1;;1;;1;;;1;;;1;1;;;1;;1;;;1;;1;1;1;1;;;1;;;1;1;;;;1;1;1;;;;;1;1;;;1;;;;;;;;;;1;1;1;;;;;;;;1;;;;;1;1;1;;;;;1;;;1;1;;1;;1;;;;;;1;;;
USA;1;1;1;;1;;;;;1;1;;1;1;1;1;1;1;1;1;;1;1;1;1;1;1;;1;1;1;;1;1;1;;1;;1;1;1;1;;;1;1;1;1;;;;;1;1;1;;;1;1;1;1;;;;;1;1;;;1;;1;;1;1;1;1;1;1;1;1;1;;;1;;1;1;;;1;;1;;1;1;;1;;1;;;;;1;;;1;1;1;1;1;1;1;1;1;1;1;1;1;1;1;1;1;;1;;1;1;1;;;;;;;1;;;1;1;1;1;1;;1;;1;1;1;;1;;;1;1;1;;;1;;;1;1;1;1;1;;;1;;1;1;1;;;1;1;1;;;1;;1;1;1;1;1;1;1;;;1;1;;;;1;1;1;1;;;1;1;1;;;1;;;;;;;;;1;1;1;1;;;;1;;1;1;1;1;;;1;1;1;1;;;1;1;1;;1;;1;1;1;;1;1;;;1;1;1;1;1;1
UZB;;;;;;;;;;1;1;;;1;1;1;;1;;;;1;;;1;1;;;;1;;;;;;;1;;1;1;;;;;;;;;;;;;1;1;1;;;;1;;;;;;;1;1;;;1;;;;1;;1;;;;1;1;;;;;;;1;;;;;;;1;;;1;;1;;;;;1;;;1;1;1;;;1;1;;1;1;1;;1;;;;1;;;;;1;;;;;;;;1;;;;1;1;1;;;1;;1;;;;1;;;;;;;;;;;;;;;1;;;;;;1;;;;1;;1;;;;;1;;1;1;;;1;;;1;;;;;;1;1;;;;1;;1;;;;;;;;;;;;;1;1;1;;;;1;;;;1;;;;;;;1;;;;;1;;1;1;;;;;1;;;;;;1;;;
VCT;;;;;;;;;;;;;1;;;;;;;;;1;;;;;;;;;1;;;;;;;;;1;;;;;;;;;;;;;;;1;;;1;;1;;;;;;;;;;;;;;;;1;;;;1;;;;;;;;1;;;;;1;;;;;;;;;;;;;;;;;;;;;1;1;;;;;;;;1;;;;;;;;;;;;;;;;;;;;;;;;;;;;;;;;;;;;;;;;;;;;;;;;;;;;;;;;;;;;;;;;;;;;;;;;;;;;;;;;;;;;;;;;;;;;;;;1;;;1;;;;;;;;;;;;;1;;;;;;;;;;1;;;;;;;;;;;;;;
VEN;1;;1;;;;;;;1;1;;;1;1;;;1;1;;;1;;;;1;;;1;1;1;;;;;;1;;1;1;;1;;;1;;;1;;;;;;1;1;;;1;1;1;1;;;;;1;1;;;1;;;;1;;1;;;;1;;;;;;;;1;;;1;;1;;1;1;;1;;1;;;;;1;;;1;1;1;1;1;1;1;1;1;1;1;1;;;;;1;;;;;1;;;;;;;;1;;;;1;;;;;1;;;;;;1;;;;;;;;;;;;;;;1;;;;;;1;1;;;1;;1;;;;;1;1;1;1;;;1;;;1;1;;;;;1;1;;;;;;1;;;1;;;;;;;;;1;;;1;;;;1;;;;1;;;;;1;1;1;;;1;;1;;1;1;;;;;1;;;;;;1;;;
VIR;;;;;;;;;;;;;;;;;;;;;;;;;;;;;;;;;;;;;;;;;;;;;;;;;;;;;;;;;;;;;;;;;;;;;;;;;;;;;;;;;;;;;;;;;;;;;;;;;;;;;;;;;;;;;;;;;;;;;;;;;;;;;;;;;;;;;;;;;;;;;;;;;;;;;;;;;;;;;;;;;;;;;;;;;;;;;;;;;;;;;;;;;;;;;;;;;;;;;;;;;;;;;;;;;;;;;;;;;;;;;;;;;;;;;;;;;;;;;;;;;;;;;;;;;;;;;;;;;;
VNM;;;1;;;;;;;1;1;;;1;1;1;;1;1;1;;1;1;;;1;;;1;1;;;;;;;1;;1;1;1;1;;;1;;;1;;;;;1;1;1;;;;1;1;1;;;;;1;1;;;1;;1;;1;1;1;;;1;1;1;1;;;;;;1;;;1;;1;;1;1;;1;;1;;;;;1;;;1;1;1;1;1;1;1;;1;1;1;1;;1;1;;1;;1;;1;1;1;;;;;;;1;;;;1;1;1;;;1;;1;1;;;1;;;1;1;1;;;;;;1;;1;;1;;;1;;;1;1;;;1;;1;;;1;;1;1;1;1;;1;1;;;1;1;;;;1;1;1;1;;;1;1;1;;;1;;;;;;;;;1;1;1;1;;;;1;;;1;1;1;;;;1;1;1;;;1;1;1;;1;1;1;;1;;;;;;;1;1;;1;1
VUT;;;;;;;;;;;;;;1;;;;1;;;;1;;;;;;;;;;;;;;;;;;1;;;;;;;;;;;;;;;1;;;;;;;;;;;;;;;;;;;;1;1;;;;1;;;;;;;;;;;;;;;1;;;1;;;;;;;1;;;1;1;;;;;1;;;1;;;;;;;1;;;;;;;;;;;;;;;;;;;;;;;;;;;;;;;;;;;;;;;;;;;1;;;;;;;;;;;;1;;;;;;;;1;;;;;;;;;;;;;;;;;;;1;;;;;;;;;;;;;;;;;;;;;;;1;;;;;;;;;;;;;;;1;;;;;;;;;;;1;;;
WBG;;;;;;;;;;;;;;;;;;;;;;;;;;;;;;;;;;;;;;;;;;;;;;;;;;;;;;;;;;;;;;;;;;;;;;;;;;;;;;;;;;;;;;;;;;;;;;;;;;;;;;;;;;;;;;;;;;;;;;;;;;;;;;;;;;;;;;;;;;;;;;;;;;;;;;;;;;;;;;;;;;;;;;;;;;;;;;;;;;;;;;;;;;;;;;;;;;;;;;;;;;;;;;;;;;;;;;;;;;;;;;;;;;;;;;;;;;;;;;;;;;;;;;;;;;;;;;;;;;
WLD;;;;;;;;;;;;;;;;;;;;;;;;;;;;;;;;;;;;;;;;;;;;;;;;;;;;;;;;;;;;;;;;;;;;;;;;;;;;;;;;;;;;;;;;;;;;;;;;;;;;;;;;;;;;;;;;;;;;;;;;;;;;;;;;;;;;;;;;;;;;;;;;;;;;;;;;;;;;;;;;;;;;;;;;;;;;;;;;;;;;;;;;;;;;;;;;;;;;;;;;;;;;;;;;;;;;;;;;;;;;;;;;;;;;;;;;;;;;;;;;;;;;;;;;;;;;;;;;;;
WSM;;;;;;;;;;;;;;1;;;;1;;;;;;;;;;;;;;;;;;;1;;;1;;;;;;;;;;;;;;;1;;;;;;;;;;;;;;;;;;;;1;1;;1;;1;;;;;;;;;;;;;;;1;;;;;;;;;;1;;;1;1;;;;;;;;1;;;;;;;1;;;;;;;;;;;;;;;;;;;;;;;;;;;;;;;;;;;;;;;;;;;1;;;;;;;;;;;;1;;;;;;;;;;1;;;;;;;;;;;;;;;;;1;;;;;;;;;;;;;;;;;;;;;;;1;;;;1;;;;;;;;;;;1;;;;;;;;;;;;;;
YEM;;;;;;;;;;;;;;1;1;1;;1;;;;1;1;;;;;;;;;;;;;;1;;;1;1;;;;1;1;;;;;;;;1;1;;;;1;;1;;;;;;1;;;1;;1;;1;;1;;;;1;1;;;;;;;1;;;;;;;1;;;;;;;;;;1;;;1;;;1;;;1;;1;1;;1;;;;;1;;1;;;1;1;;;;;;;1;;;;;;1;;;1;;;;;;;;;;;;;;;;;;;;;1;;;;;;;;;;1;;1;;;1;;1;;;1;;;1;;;1;;;;;1;;1;;;;1;;1;;;;;;;;;;;;;;;1;;;;1;;;;1;;;;;;1;1;;;1;1;1;;;1;;;;;1;;;;;;1;;;1
ZAF;1;;1;;1;;;;;1;1;;;1;1;1;1;1;1;1;;1;1;1;1;1;;;1;1;1;;;;1;;1;;1;1;1;1;;;1;1;;1;;;;;1;1;1;;;;1;1;1;;;;;1;1;;;1;;1;;1;1;1;1;1;1;1;1;1;;;1;;1;1;;;1;;1;;1;1;;1;;1;;;;;1;;;1;1;1;1;1;1;1;1;1;1;1;1;1;1;;;1;;;;1;1;1;;;;;;;1;;;;1;1;1;1;;1;;1;1;1;;1;;;1;1;1;;;;;;1;;1;1;1;;;1;;1;1;1;;;1;1;1;;;1;;1;1;1;1;;1;1;;;1;1;;;;1;1;1;1;;;1;1;1;;;1;;;;;;;;;1;1;1;1;;;;1;;1;1;1;1;;;;1;1;1;;;1;1;1;;1;1;1;;1;;1;1;;;;1;;1;1;1
ZAR;;;;;;;;;;1;1;;;1;1;;1;1;1;1;;1;;;;1;;;;1;;;;1;1;;1;;;1;1;1;;;1;;;;;;;;;1;1;;;;1;;1;;;;;1;1;;;1;;1;;1;;1;1;;1;1;;1;;;;;;1;;;1;;;;1;1;;1;;1;;;;;1;;;1;1;;;;;1;;;1;1;1;;;;;1;;;;;1;;;;;;;;;;;;1;1;;;;1;;;1;;;1;;;;;1;;;;;;1;;;1;1;;;1;;1;1;1;;;1;;1;;;;;1;;1;;;;1;;;1;;;;;1;1;1;1;;;;1;1;;;;;;;;;;;;;1;1;1;;;;;;;1;1;;;;;;1;1;;;1;1;1;;;1;;;;;;;;;;;1;;1;1
ZMB;;;1;;;;;;;;;;;1;1;;1;1;;;;1;;;;;;;;1;;;;1;;;1;;1;1;;;;;1;;;1;;;;;1;1;1;;;;1;;;;;;;;1;;;1;;1;;1;;1;;;1;1;;1;;;;;;1;;;;;;;1;;;;;1;;;;;1;;;1;1;;;;1;1;;;1;;1;;;;;1;;;;;1;1;;;;;;;;;;;;1;;;;1;;;1;;;1;;;;;;;;;;;1;;1;1;1;;;1;;;1;;;;1;;1;;;1;;1;;1;1;;;1;;;1;;;;;;1;1;1;;;;1;1;;;;;;;;;;;;;1;1;1;;;;;;;;1;;;;;;1;1;;;1;1;1;;;1;;;;;1;;;;;;1;1;;1
ZWE;;;1;;;;;;;1;;;;1;1;;1;1;;;;1;;;;;;;;1;;;;1;;;1;;;1;1;1;;;1;;;;;;;;1;1;1;;;;1;;;;;;;;1;;;1;;1;;1;;1;;;1;1;;1;;;;;;1;;;;;;;1;;;1;;1;;;;;1;;;1;1;1;1;1;1;1;;1;1;;1;;1;;;1;;1;;;1;;;;;;;;1;;;1;;1;1;;;1;;;1;;;1;;;;;;;;;;;1;;1;1;1;;;1;;;1;;;;1;;1;;;1;;1;;;1;;;1;;;1;;;;;1;1;1;1;;;1;1;1;;;;;;;;;;;;;;;1;;;;;;1;;1;;;;;;1;1;;;1;1;1;;;1;;;;;1;;;;;1;1;1;1;
